waterbody1,waterbody2,county_string,specialtype,Category,lon,lat,url,note
Mint Springs Lake,Middle,Albemarle County,NA,A,-78.7273,38.0839,https://dgif-virginia.maps.arcgis.com/apps/webappviewer/index.html?id=441ed456c8664166bb735b1db6024e48&marker=-78.72734069824845%2C38.08390559984004%2C%2C%2C%2C&markertemplate=%7B%22title%22%3A%22Albemarle%22%2C%22longitude%22%3A-78.72734069824845%2C%22latitude%22%3A38.08390559984004%2C%22isIncludeShareUrl%22%3Atrue%7D&level=13,
Mint Springs Lake,Upper,Albemarle County,NA,A,-78.73,38.0832,https://dgif-virginia.maps.arcgis.com/apps/webappviewer/index.html?id=441ed456c8664166bb735b1db6024e48&marker=-78.72999165326377%2C38.08324644199822%2C%2C%2C%2C&markertemplate=%7B%22title%22%3A%22%22%2C%22longitude%22%3A-78.72999165326377%2C%22latitude%22%3A38.08324644199822%2C%22isIncludeShareUrl%22%3Atrue%7D&level=13,
Moormans River,S. Fork,Albemarle County,NA,B,-78.7602,38.1281,https://dgif-virginia.maps.arcgis.com/apps/webappviewer/index.html?id=441ed456c8664166bb735b1db6024e48&marker=-78.76016457245395%2C38.128078368717205%2C%2C%2C%2C&markertemplate=%7B%22title%22%3A%22%22%2C%22longitude%22%3A-78.76016457245395%2C%22latitude%22%3A38.128078368717205%2C%22isIncludeShareUrl%22%3Atrue%7D&level=16,
Moormans River,N. Fork,Albemarle County,NSF,B,-78.7383,38.1836,https://dgif-virginia.maps.arcgis.com/apps/webappviewer/index.html?id=441ed456c8664166bb735b1db6024e48&marker=-78.7383403619524%2C38.1836384476085%2C%2C%2C%2C&markertemplate=%7B%22title%22%3A%22%22%2C%22longitude%22%3A-78.7383403619524%2C%22latitude%22%3A38.1836384476085%2C%22isIncludeShareUrl%22%3Atrue%7D&level=14,
Scottsville Lake,Was Named: Mink Creek Reservoir,Albemarle County,NA,A,-78.4938,37.8024,https://dgif-virginia.maps.arcgis.com/apps/webappviewer/index.html?id=441ed456c8664166bb735b1db6024e48&marker=-78.49377667588095%2C37.802357507736666%2C%2C%2C%2C&markertemplate=%7B%22title%22%3A%22%22%2C%22longitude%22%3A-78.49377667588095%2C%22latitude%22%3A37.802357507736666%2C%22isIncludeShareUrl%22%3Atrue%7D&level=14,
Sugar Hollow Reservoir,NA,Albemarle County,NA,A,-78.7389,38.137,https://dgif-virginia.maps.arcgis.com/apps/webappviewer/index.html?id=441ed456c8664166bb735b1db6024e48&marker=-78.73892221872822%2C38.137049235836066%2C%2C%2C%2C&markertemplate=%7B%22title%22%3A%22%22%2C%22longitude%22%3A-78.73892221872822%2C%22latitude%22%3A38.137049235836066%2C%22isIncludeShareUrl%22%3Atrue%7D&level=14,
Clifton Forge Reservoir,NA,Alleghany County,National Forest Water,A,-79.8412,37.8508,https://dgif-virginia.maps.arcgis.com/apps/webappviewer/index.html?id=441ed456c8664166bb735b1db6024e48&marker=-79.84119079834173%2C37.85075052160132%2C%2C%2C%2C&markertemplate=%7B%22title%22%3A%22%22%2C%22longitude%22%3A-79.84119079834173%2C%22latitude%22%3A37.85075052160132%2C%22isIncludeShareUrl%22%3Atrue%7D&level=14,
Pounding Mill Creek,NA,Alleghany County,National Forest Water,B,-79.9427,37.7979,https://dgif-virginia.maps.arcgis.com/apps/webappviewer/index.html?id=441ed456c8664166bb735b1db6024e48&marker=-79.94266743931%2C37.797898925469305%2C%2C%2C%2C&markertemplate=%7B%22title%22%3A%22%22%2C%22longitude%22%3A-79.94266743931%2C%22latitude%22%3A37.797898925469305%2C%22isIncludeShareUrl%22%3Atrue%7D&level=15,
Smith Creek,NA,Alleghany County,"c(""NSF"", ""National Forest Water"")",C,-79.865,37.8582,https://dgif-virginia.maps.arcgis.com/apps/webappviewer/index.html?id=441ed456c8664166bb735b1db6024e48&marker=-79.86504702496543%2C37.85823913851002%2C%2C%2C%2C&markertemplate=%7B%22title%22%3A%22%22%2C%22longitude%22%3A-79.86504702496543%2C%22latitude%22%3A37.85823913851002%2C%22isIncludeShareUrl%22%3Atrue%7D&level=15,
Wilson Creek,Lower,Alleghany County,NA,C,-79.8133,37.8562,https://dgif-virginia.maps.arcgis.com/apps/webappviewer/index.html?id=441ed456c8664166bb735b1db6024e48&marker=-79.81329695037222%2C37.856208114193876%2C%2C%2C%2C&markertemplate=%7B%22title%22%3A%22Wilson%20Creek%22%2C%22longitude%22%3A-79.81329695037222%2C%22latitude%22%3A37.856208114193876%2C%22isIncludeShareUrl%22%3Atrue%7D&level=14,Alleghany county end
Davis Mill Creek,NA,Amherst County,National Forest Water,C,-79.2662,37.7497,https://dgif-virginia.maps.arcgis.com/apps/webappviewer/index.html?id=441ed456c8664166bb735b1db6024e48&marker=-79.26619916350873%2C37.74966493024909%2C%2C%2C%2C&markertemplate=%7B%22title%22%3A%22%22%2C%22longitude%22%3A-79.26619916350873%2C%22latitude%22%3A37.74966493024909%2C%22isIncludeShareUrl%22%3Atrue%7D&level=14,
Little Irish Creek,NA,Amherst County,NSF,C,-79.3149,37.6792,https://dgif-virginia.maps.arcgis.com/apps/webappviewer/index.html?id=441ed456c8664166bb735b1db6024e48&marker=-79.3148987125398%2C37.67922752689138%2C%2C%2C%2C&markertemplate=%7B%22title%22%3A%22%22%2C%22longitude%22%3A-79.3148987125398%2C%22latitude%22%3A37.67922752689138%2C%22isIncludeShareUrl%22%3Atrue%7D&level=15,
Pedlar River,Upper,Amherst County,"c(""Heritage Day Water"", ""National Forest Water"")",B,-79.246,37.7732,https://dgif-virginia.maps.arcgis.com/apps/webappviewer/index.html?id=441ed456c8664166bb735b1db6024e48&marker=-79.24600709306372%2C37.77322214588274%2C%2C%2C%2C&markertemplate=%7B%22title%22%3A%22%22%2C%22longitude%22%3A-79.24600709306372%2C%22latitude%22%3A37.77322214588274%2C%22isIncludeShareUrl%22%3Atrue%7D&level=15,
Pedlar River,Lower,Amherst County,National Forest Water,A,-79.2851,37.7366,https://dgif-virginia.maps.arcgis.com/apps/webappviewer/index.html?id=441ed456c8664166bb735b1db6024e48&marker=-79.28511607540793%2C37.73662028855468%2C%2C%2C%2C&markertemplate=%7B%22title%22%3A%22%22%2C%22longitude%22%3A-79.28511607540793%2C%22latitude%22%3A37.73662028855468%2C%22isIncludeShareUrl%22%3Atrue%7D&level=14,
Pedlar River,Below Dam,Amherst County,"c(""Delayed Harvest Water"", ""National Forest Water"")",DH,-79.2862,37.6642,https://dgif-virginia.maps.arcgis.com/apps/webappviewer/index.html?id=441ed456c8664166bb735b1db6024e48&marker=-79.28615970217243%2C37.664162655104576%2C%2C%2C%2C&markertemplate=%7B%22title%22%3A%22%22%2C%22longitude%22%3A-79.28615970217243%2C%22latitude%22%3A37.664162655104576%2C%22isIncludeShareUrl%22%3Atrue%7D&level=15,
Piney River,NA,Amherst County,Delayed Harvest Water,DH,-79.0977,37.7854,https://dgif-virginia.maps.arcgis.com/apps/webappviewer/index.html?id=441ed456c8664166bb735b1db6024e48&marker=-79.09765638751956%2C37.785361757869445%2C%2C%2C%2C&markertemplate=%7B%22title%22%3A%22%22%2C%22longitude%22%3A-79.09765638751956%2C%22latitude%22%3A37.785361757869445%2C%22isIncludeShareUrl%22%3Atrue%7D&level=15,
Piney River,S. Fork & Proper,Amherst County,"c(""NSF"", ""National Forest Water"")",B,-79.1518,37.7877,https://dgif-virginia.maps.arcgis.com/apps/webappviewer/index.html?id=441ed456c8664166bb735b1db6024e48&marker=-79.15179762511463%2C37.7877007116246%2C%2C%2C%2C&markertemplate=%7B%22title%22%3A%22%22%2C%22longitude%22%3A-79.15179762511463%2C%22latitude%22%3A37.7877007116246%2C%22isIncludeShareUrl%22%3Atrue%7D&level=15,
Rocky Row Run,NA,Amherst County,National Forest Water,C,-79.3667,37.627,https://dgif-virginia.maps.arcgis.com/apps/webappviewer/index.html?id=441ed456c8664166bb735b1db6024e48&marker=-79.36674642545036%2C37.62700156488008%2C%2C%2C%2C&markertemplate=%7B%22title%22%3A%22%22%2C%22longitude%22%3A-79.36674642545036%2C%22latitude%22%3A37.62700156488008%2C%22isIncludeShareUrl%22%3Atrue%7D&level=15,
Holliday Creek,NA,Appomattox County,Delayed Harvest Water,DH,-78.6598,37.4235,https://dgif-virginia.maps.arcgis.com/apps/webappviewer/index.html?id=441ed456c8664166bb735b1db6024e48&marker=-78.65983152277498%2C37.42351425387033%2C%2C%2C%2C&markertemplate=%7B%22title%22%3A%22%22%2C%22longitude%22%3A-78.65983152277498%2C%22latitude%22%3A37.42351425387033%2C%22isIncludeShareUrl%22%3Atrue%7D&level=15,
Back Creek,NA,Augusta County,National Forest Water,B,-78.9999,37.9077,https://dgif-virginia.maps.arcgis.com/apps/webappviewer/index.html?id=441ed456c8664166bb735b1db6024e48&marker=-78.99993406663505%2C37.907688005008055%2C%2C%2C%2C&markertemplate=%7B%22title%22%3A%22%22%2C%22longitude%22%3A-78.99993406663505%2C%22latitude%22%3A37.907688005008055%2C%22isIncludeShareUrl%22%3Atrue%7D&level=14,
Braley Pond,NA,Augusta County,National Forest Water,A,-79.3027,38.2869,https://dgif-virginia.maps.arcgis.com/apps/webappviewer/index.html?id=441ed456c8664166bb735b1db6024e48&marker=-79.30267987296097%2C38.286919643407764%2C%2C%2C%2C&markertemplate=%7B%22title%22%3A%22%22%2C%22longitude%22%3A-79.30267987296097%2C%22latitude%22%3A38.286919643407764%2C%22isIncludeShareUrl%22%3Atrue%7D&level=14,
Elkhorn Lake,NA,Augusta County,National Forest Water,A,-79.232,38.3295,https://dgif-virginia.maps.arcgis.com/apps/webappviewer/index.html?id=441ed456c8664166bb735b1db6024e48&marker=-79.2319695962259%2C38.329451762228736%2C%2C%2C%2C&markertemplate=%7B%22title%22%3A%22%22%2C%22longitude%22%3A-79.2319695962259%2C%22latitude%22%3A38.329451762228736%2C%22isIncludeShareUrl%22%3Atrue%7D&level=14,
Falls Hollow,NA,Augusta County,"c(""NSF"", ""National Forest Water"")",C,-79.2694,38.1748,https://dgif-virginia.maps.arcgis.com/apps/webappviewer/index.html?id=441ed456c8664166bb735b1db6024e48&marker=-79.26937271377818%2C38.17476934523382%2C%2C%2C%2C&markertemplate=%7B%22title%22%3A%22%22%2C%22longitude%22%3A-79.26937271377818%2C%22latitude%22%3A38.17476934523382%2C%22isIncludeShareUrl%22%3Atrue%7D&level=16,
Hearthstone Lake,NA,Augusta County,National Forest Water,A,-79.162,38.3962,https://dgif-virginia.maps.arcgis.com/apps/webappviewer/index.html?id=441ed456c8664166bb735b1db6024e48&marker=-79.1620287142944%2C38.39616849465646%2C%2C%2C%2C&markertemplate=%7B%22title%22%3A%22Little%20River%22%2C%22longitude%22%3A-79.1620287142944%2C%22latitude%22%3A38.39616849465646%2C%22isIncludeShareUrl%22%3Atrue%7D&level=15,aka Little River
Lower Sherando Lake,NA,Augusta County,National Forest Water,A,-79.0033,37.9263,https://dgif-virginia.maps.arcgis.com/apps/webappviewer/index.html?id=441ed456c8664166bb735b1db6024e48&marker=-79.00331117514786%2C37.92632140058413%2C%2C%2C%2C&markertemplate=%7B%22title%22%3A%22%22%2C%22longitude%22%3A-79.00331117514786%2C%22latitude%22%3A37.92632140058413%2C%22isIncludeShareUrl%22%3Atrue%7D&level=15,
Mills Creek,NA,Augusta County,National Forest Water,C,-79.0002,37.9534,https://dgif-virginia.maps.arcgis.com/apps/webappviewer/index.html?id=441ed456c8664166bb735b1db6024e48&marker=-79.0002274474237%2C37.953428739119786%2C%2C%2C%2C&markertemplate=%7B%22title%22%3A%22%22%2C%22longitude%22%3A-79.0002274474237%2C%22latitude%22%3A37.953428739119786%2C%22isIncludeShareUrl%22%3Atrue%7D&level=15,
North River,Gorge,Augusta County,National Forest Water,B,-79.2057,38.3331,https://dgif-virginia.maps.arcgis.com/apps/webappviewer/index.html?id=441ed456c8664166bb735b1db6024e48&marker=-79.2057060463375%2C38.333143033455215%2C%2C%2C%2C&markertemplate=%7B%22title%22%3A%22%22%2C%22longitude%22%3A-79.2057060463375%2C%22latitude%22%3A38.333143033455215%2C%22isIncludeShareUrl%22%3Atrue%7D&level=15,
North River,Natural Chimneys,Augusta County,NA,B,-79.0997,38.3501,https://dgif-virginia.maps.arcgis.com/apps/webappviewer/index.html?id=441ed456c8664166bb735b1db6024e48&marker=-79.09967055411701%2C38.350065679552024%2C%2C%2C%2C&markertemplate=%7B%22title%22%3A%22%22%2C%22longitude%22%3A-79.09967055411701%2C%22latitude%22%3A38.350065679552024%2C%22isIncludeShareUrl%22%3Atrue%7D&level=15,
North River,Tail,Augusta County,"c(""Delayed Harvest Water"", ""National Forest Water"")",DH,-79.2234,38.3274,https://dgif-virginia.maps.arcgis.com/apps/webappviewer/index.html?id=441ed456c8664166bb735b1db6024e48&marker=-79.22338925694125%2C38.327429195257345%2C%2C%2C%2C&markertemplate=%7B%22title%22%3A%22%22%2C%22longitude%22%3A-79.22338925694125%2C%22latitude%22%3A38.327429195257345%2C%22isIncludeShareUrl%22%3Atrue%7D&level=16,
North River,Upper,Augusta County,"c(""NSF"", ""National Forest Water"")",B,-79.2832,38.3779,https://dgif-virginia.maps.arcgis.com/apps/webappviewer/index.html?id=441ed456c8664166bb735b1db6024e48&marker=-79.283204676079%2C38.37793600486889%2C%2C%2C%2C&markertemplate=%7B%22title%22%3A%22%22%2C%22longitude%22%3A-79.283204676079%2C%22latitude%22%3A38.37793600486889%2C%22isIncludeShareUrl%22%3Atrue%7D&level=14,
South River,NA,Augusta County,NA,CR,-78.9631,38.0335,https://dgif-virginia.maps.arcgis.com/apps/webappviewer/index.html?id=441ed456c8664166bb735b1db6024e48&marker=-78.9631487115205%2C38.0335160910794%2C%2C%2C%2C&markertemplate=%7B%22title%22%3A%22%22%2C%22longitude%22%3A-78.9631487115205%2C%22latitude%22%3A38.0335160910794%2C%22isIncludeShareUrl%22%3Atrue%7D&level=14,
South River,Ridgeview Park,Augusta County,NA,A,-78.909834,38.115024,,from googlemaps
South River,Basic Park,Augusta County,Youth-Only,,-78.875848,38.086,,from googlemaps
Upper Sherando Lake,NA,Augusta County,National Forest Water,B,-79.0183,37.9182,https://dgif-virginia.maps.arcgis.com/apps/webappviewer/index.html?id=441ed456c8664166bb735b1db6024e48&marker=-79.01830006871995%2C37.91824640154424%2C%2C%2C%2C&markertemplate=%7B%22title%22%3A%22%22%2C%22longitude%22%3A-79.01830006871995%2C%22latitude%22%3A37.91824640154424%2C%22isIncludeShareUrl%22%3Atrue%7D&level=13,
Back Creek,NA,Bath County,National Forest Water,A,-78.9999,37.9077,https://dgif-virginia.maps.arcgis.com/apps/webappviewer/index.html?id=441ed456c8664166bb735b1db6024e48&marker=-78.99993406663505%2C37.907688005008055%2C%2C%2C%2C&markertemplate=%7B%22title%22%3A%22%22%2C%22longitude%22%3A-78.99993406663505%2C%22latitude%22%3A37.907688005008055%2C%22isIncludeShareUrl%22%3Atrue%7D&level=14,
Back Creek,NA,Bath County,Delayed Harvest Water,DH,-79.8125,38.1897,https://dgif-virginia.maps.arcgis.com/apps/webappviewer/index.html?id=441ed456c8664166bb735b1db6024e48&marker=-79.81250599231859%2C38.1896841576068%2C%2C%2C%2C&markertemplate=%7B%22title%22%3A%22%22%2C%22longitude%22%3A-79.81250599231859%2C%22latitude%22%3A38.1896841576068%2C%22isIncludeShareUrl%22%3Atrue%7D&level=15,
Bullpasture River,NA,Bath County,NA,A,-79.5854,38.2243,https://dgif-virginia.maps.arcgis.com/apps/webappviewer/index.html?id=441ed456c8664166bb735b1db6024e48&marker=-79.58538775974463%2C38.22429235521086%2C%2C%2C%2C&markertemplate=%7B%22title%22%3A%22%22%2C%22longitude%22%3A-79.58538775974463%2C%22latitude%22%3A38.22429235521086%2C%22isIncludeShareUrl%22%3Atrue%7D&level=14,
Cowpasture River,NA,Bath County,National Forest Water,A,-79.581,38.1699,https://dgif-virginia.maps.arcgis.com/apps/webappviewer/index.html?id=441ed456c8664166bb735b1db6024e48&marker=-79.58097353725314%2C38.169897080265294%2C%2C%2C%2C&markertemplate=%7B%22title%22%3A%22%22%2C%22longitude%22%3A-79.58097353725314%2C%22latitude%22%3A38.169897080265294%2C%22isIncludeShareUrl%22%3Atrue%7D&level=17,
Douthat Lake,Only,Bath County,NA,+,-79.7962,37.909,https://dgif-virginia.maps.arcgis.com/apps/webappviewer/index.html?id=441ed456c8664166bb735b1db6024e48&marker=-79.79618086374452%2C37.908960254361176%2C%2C%2C%2C&markertemplate=%7B%22title%22%3A%22%22%2C%22longitude%22%3A-79.79618086374452%2C%22latitude%22%3A37.908960254361176%2C%22isIncludeShareUrl%22%3Atrue%7D&level=17,
Douthat Lake & Wilson Creek,NA,Bath County,FFA,+,-79.8043,37.9019,https://dgif-virginia.maps.arcgis.com/apps/webappviewer/index.html?id=441ed456c8664166bb735b1db6024e48&marker=-79.80427600497791%2C37.90191468685355%2C%2C%2C%2C&markertemplate=%7B%22title%22%3A%22%22%2C%22longitude%22%3A-79.80427600497791%2C%22latitude%22%3A37.90191468685355%2C%22isIncludeShareUrl%22%3Atrue%7D&level=14,
Jackson River,Rt. 623,Bath County,National Forest Water,A,-79.749,38.1693,https://dgif-virginia.maps.arcgis.com/apps/webappviewer/index.html?id=441ed456c8664166bb735b1db6024e48&marker=-79.74896671496836%2C38.16930604054851%2C%2C%2C%2C&markertemplate=%7B%22title%22%3A%22%22%2C%22longitude%22%3A-79.74896671496836%2C%22latitude%22%3A38.16930604054851%2C%22isIncludeShareUrl%22%3Atrue%7D&level=15,
Jackson River,Hidden Valley,Bath County,National Forest Water,A,-79.7909,38.1165,https://dgif-virginia.maps.arcgis.com/apps/webappviewer/index.html?id=441ed456c8664166bb735b1db6024e48&marker=-79.79094497022896%2C38.11647102269273%2C%2C%2C%2C&markertemplate=%7B%22title%22%3A%22%22%2C%22longitude%22%3A-79.79094497022896%2C%22latitude%22%3A38.11647102269273%2C%22isIncludeShareUrl%22%3Atrue%7D&level=15,
Jackson River Special Reg *,NA,Bath County,National Forest Water,,-79.7684,38.1418,https://dgif-virginia.maps.arcgis.com/apps/webappviewer/index.html?id=441ed456c8664166bb735b1db6024e48&marker=-79.76838312609813%2C38.14175565931593%2C%2C%2C%2C&markertemplate=%7B%22title%22%3A%22%22%2C%22longitude%22%3A-79.76838312609813%2C%22latitude%22%3A38.14175565931593%2C%22isIncludeShareUrl%22%3Atrue%7D&level=15,
Pads Creek,NA,Bath County,National Forest Water,B,-79.6514,37.911,https://dgif-virginia.maps.arcgis.com/apps/webappviewer/index.html?id=441ed456c8664166bb735b1db6024e48&marker=-79.65143806187595%2C37.91095136811567%2C%2C%2C%2C&markertemplate=%7B%22title%22%3A%22%22%2C%22longitude%22%3A-79.65143806187595%2C%22latitude%22%3A37.91095136811567%2C%22isIncludeShareUrl%22%3Atrue%7D&level=14,
Spring Run,NA,Bath County,NA,CR,-79.5814,38.1774,https://dgif-virginia.maps.arcgis.com/apps/webappviewer/index.html?id=441ed456c8664166bb735b1db6024e48&marker=-79.58135485412495%2C38.17738298490874%2C%2C%2C%2C&markertemplate=%7B%22title%22%3A%22%22%2C%22longitude%22%3A-79.58135485412495%2C%22latitude%22%3A38.17738298490874%2C%22isIncludeShareUrl%22%3Atrue%7D&level=17,
Wilson Creek,Only,Bath County,NA,+,-79.8043,37.9019,https://dgif-virginia.maps.arcgis.com/apps/webappviewer/index.html?id=441ed456c8664166bb735b1db6024e48&marker=-79.80427600497791%2C37.90191468685355%2C%2C%2C%2C&markertemplate=%7B%22title%22%3A%22%22%2C%22longitude%22%3A-79.80427600497791%2C%22latitude%22%3A37.90191468685355%2C%22isIncludeShareUrl%22%3Atrue%7D&level=14,Bath county end
Liberty Lake,NA,Bedford County,Heritage Day Water,A,-79.5329,37.3156,https://dgif-virginia.maps.arcgis.com/apps/webappviewer/index.html?id=441ed456c8664166bb735b1db6024e48&marker=-79.53290297061773%2C37.31559070043849%2C%2C%2C%2C&markertemplate=%7B%22title%22%3A%22%22%2C%22longitude%22%3A-79.53290297061773%2C%22latitude%22%3A37.31559070043849%2C%22isIncludeShareUrl%22%3Atrue%7D&level=14,
Laurel Fork Creek,NA,Bland County,NA,C,-81.1156,37.2549,https://dgif-virginia.maps.arcgis.com/apps/webappviewer/index.html?id=441ed456c8664166bb735b1db6024e48&marker=-81.11561442343229%2C37.25486230471731%2C%2C%2C%2C&markertemplate=%7B%22title%22%3A%22%22%2C%22longitude%22%3A-81.11561442343229%2C%22latitude%22%3A37.25486230471731%2C%22isIncludeShareUrl%22%3Atrue%7D&level=16,
Lick Creek,NA,Bland County,NA,B,-81.3552,37.0431,https://dgif-virginia.maps.arcgis.com/apps/webappviewer/index.html?id=441ed456c8664166bb735b1db6024e48&marker=-81.35515981489945%2C37.04310845121464%2C%2C%2C%2C&markertemplate=%7B%22title%22%3A%22%22%2C%22longitude%22%3A-81.35515981489945%2C%22latitude%22%3A37.04310845121464%2C%22isIncludeShareUrl%22%3Atrue%7D&level=15,
Wolf Creek,NA,Bland County,NA,A,-81.0989,37.2397,https://dgif-virginia.maps.arcgis.com/apps/webappviewer/index.html?id=441ed456c8664166bb735b1db6024e48&marker=-81.09890546270363%2C37.239714949365705%2C%2C%2C%2C&markertemplate=%7B%22title%22%3A%22%22%2C%22longitude%22%3A-81.09890546270363%2C%22latitude%22%3A37.239714949365705%2C%22isIncludeShareUrl%22%3Atrue%7D&level=16,
Jennings Creek,NA,Botetourt County,"c(""Heritage Day Water"", ""National Forest Water"")",A,-79.6056,37.4829,https://dgif-virginia.maps.arcgis.com/apps/webappviewer/index.html?id=441ed456c8664166bb735b1db6024e48&marker=-79.60562851887804%2C37.48289541126063%2C%2C%2C%2C&markertemplate=%7B%22title%22%3A%22%22%2C%22longitude%22%3A-79.60562851887804%2C%22latitude%22%3A37.48289541126063%2C%22isIncludeShareUrl%22%3Atrue%7D&level=13,
McFalls Creek,NA,Botetourt County,National Forest Water,C,-79.6366,37.486,https://dgif-virginia.maps.arcgis.com/apps/webappviewer/index.html?id=441ed456c8664166bb735b1db6024e48&marker=-79.63659625844849%2C37.48604015193918%2C%2C%2C%2C&markertemplate=%7B%22title%22%3A%22%22%2C%22longitude%22%3A-79.63659625844849%2C%22latitude%22%3A37.48604015193918%2C%22isIncludeShareUrl%22%3Atrue%7D&level=15,
Middle Creek,NA,Botetourt County,National Forest Water,B,-79.6073,37.5221,https://dgif-virginia.maps.arcgis.com/apps/webappviewer/index.html?id=441ed456c8664166bb735b1db6024e48&marker=-79.6073165880442%2C37.5220746866475%2C%2C%2C%2C&markertemplate=%7B%22title%22%3A%22%22%2C%22longitude%22%3A-79.6073165880442%2C%22latitude%22%3A37.5220746866475%2C%22isIncludeShareUrl%22%3Atrue%7D&level=15,
North Creek,NA,Botetourt County,National Forest Water,B,-79.5397,37.5281,https://dgif-virginia.maps.arcgis.com/apps/webappviewer/index.html?id=441ed456c8664166bb735b1db6024e48&marker=-79.53973958112122%2C37.52813310612243%2C%2C%2C%2C&markertemplate=%7B%22title%22%3A%22%22%2C%22longitude%22%3A-79.53973958112122%2C%22latitude%22%3A37.52813310612243%2C%22isIncludeShareUrl%22%3Atrue%7D&level=14,
Roaring Run,NA,Botetourt County,National Forest Water,B,-79.9102,37.712,https://dgif-virginia.maps.arcgis.com/apps/webappviewer/index.html?id=441ed456c8664166bb735b1db6024e48&marker=-79.91023434089865%2C37.711981040694184%2C%2C%2C%2C&markertemplate=%7B%22title%22%3A%22%22%2C%22longitude%22%3A-79.91023434089865%2C%22latitude%22%3A37.711981040694184%2C%22isIncludeShareUrl%22%3Atrue%7D&level=16,
Dismal River,NA,Buchanan County,NA,A,-81.9619,37.2477,https://dgif-virginia.maps.arcgis.com/apps/webappviewer/index.html?id=441ed456c8664166bb735b1db6024e48&marker=-81.96186480895501%2C37.24774686540658%2C%2C%2C%2C&markertemplate=%7B%22title%22%3A%22%22%2C%22longitude%22%3A-81.96186480895501%2C%22latitude%22%3A37.24774686540658%2C%22isIncludeShareUrl%22%3Atrue%7D&level=14,
Russell Fork River,NA,Buchanan County,NA,C,-82.1362,37.0992,https://dgif-virginia.maps.arcgis.com/apps/webappviewer/index.html?id=441ed456c8664166bb735b1db6024e48&marker=-82.13616251604776%2C37.09924949685105%2C%2C%2C%2C&markertemplate=%7B%22title%22%3A%22%22%2C%22longitude%22%3A-82.13616251604776%2C%22latitude%22%3A37.09924949685105%2C%22isIncludeShareUrl%22%3Atrue%7D&level=15,
Chestnut Creek,NA,Carroll County,Delayed Harvest Water,DH,-80.9238,36.6682,https://dgif-virginia.maps.arcgis.com/apps/webappviewer/index.html?id=441ed456c8664166bb735b1db6024e48&marker=-80.92377570006211%2C36.668182583283766%2C%2C%2C%2C&markertemplate=%7B%22title%22%3A%22%22%2C%22longitude%22%3A-80.92377570006211%2C%22latitude%22%3A36.668182583283766%2C%22isIncludeShareUrl%22%3Atrue%7D&level=13,
Crooked Creek,NA,Carroll County,NA,A,-80.8266,36.6835,https://dgif-virginia.maps.arcgis.com/apps/webappviewer/index.html?id=441ed456c8664166bb735b1db6024e48&marker=-80.82655617522528%2C36.683523596728314%2C%2C%2C%2C&markertemplate=%7B%22title%22%3A%22%22%2C%22longitude%22%3A-80.82655617522528%2C%22latitude%22%3A36.683523596728314%2C%22isIncludeShareUrl%22%3Atrue%7D&level=17,
Crooked Creek,NA,Carroll County,"c(""FFA"", ""Heritage Day Water"")",+,-80.8086,36.6728,https://dgif-virginia.maps.arcgis.com/apps/webappviewer/index.html?id=441ed456c8664166bb735b1db6024e48&marker=-80.80862243347194%2C36.672786593313965%2C%2C%2C%2C&markertemplate=%7B%22title%22%3A%22%22%2C%22longitude%22%3A-80.80862243347194%2C%22latitude%22%3A36.672786593313965%2C%22isIncludeShareUrl%22%3Atrue%7D&level=15,
Little Reed Island Creek,NA,Carroll County,NA,A,-80.7307,36.7229,https://dgif-virginia.maps.arcgis.com/apps/webappviewer/index.html?id=441ed456c8664166bb735b1db6024e48&marker=-80.73072267002347%2C36.72293025813553%2C%2C%2C%2C&markertemplate=%7B%22title%22%3A%22%22%2C%22longitude%22%3A-80.73072267002347%2C%22latitude%22%3A36.72293025813553%2C%22isIncludeShareUrl%22%3Atrue%7D&level=15,
Lovills Creek,NA,Carroll County,NA,C,-80.6194,36.6701,https://dgif-virginia.maps.arcgis.com/apps/webappviewer/index.html?id=441ed456c8664166bb735b1db6024e48&marker=-80.61937722717539%2C36.67006198754196%2C%2C%2C%2C&markertemplate=%7B%22title%22%3A%22%22%2C%22longitude%22%3A-80.61937722717539%2C%22latitude%22%3A36.67006198754196%2C%22isIncludeShareUrl%22%3Atrue%7D&level=14,
Stewarts Creek,NA,Carroll County,NSF,B,-80.7671,36.5817,https://dgif-virginia.maps.arcgis.com/apps/webappviewer/index.html?id=441ed456c8664166bb735b1db6024e48&marker=-80.76713321206888%2C36.58169357906983%2C%2C%2C%2C&markertemplate=%7B%22title%22%3A%22%22%2C%22longitude%22%3A-80.76713321206888%2C%22latitude%22%3A36.58169357906983%2C%22isIncludeShareUrl%22%3Atrue%7D&level=17,
Cook Lake,NA,City of Alexandria,NA,U,-77.0981,38.8048,https://dgif-virginia.maps.arcgis.com/apps/webappviewer/index.html?id=441ed456c8664166bb735b1db6024e48&marker=-77.09810785910094%2C38.80475403969999%2C%2C%2C%2C&markertemplate=%7B%22title%22%3A%22%22%2C%22longitude%22%3A-77.09810785910094%2C%22latitude%22%3A38.80475403969999%2C%22isIncludeShareUrl%22%3Atrue%7D&level=17,
Northwest River Park,NA,City of Chesapeake,NA,U,-76.153,36.5839,https://dgif-virginia.maps.arcgis.com/apps/webappviewer/index.html?id=441ed456c8664166bb735b1db6024e48&marker=-76.15297411612161%2C36.58385456039202%2C%2C%2C%2C&markertemplate=%7B%22title%22%3A%22%22%2C%22longitude%22%3A-76.15297411612161%2C%22latitude%22%3A36.58385456039202%2C%22isIncludeShareUrl%22%3Atrue%7D&level=17,
Old Cossey Pond,NA,City of Fredericksburg,NA,U,-77.4726,38.308,https://dgif-virginia.maps.arcgis.com/apps/webappviewer/index.html?id=441ed456c8664166bb735b1db6024e48&marker=-77.47260527822245%2C38.30798664876035%2C%2C%2C%2C&markertemplate=%7B%22title%22%3A%22%22%2C%22longitude%22%3A-77.47260527822245%2C%22latitude%22%3A38.30798664876035%2C%22isIncludeShareUrl%22%3Atrue%7D&level=17,
Armistead Pointe Park Pond,NA,City of Hampton,NA,U,-76.3852,37.0594,https://dgif-virginia.maps.arcgis.com/apps/webappviewer/index.html?id=441ed456c8664166bb735b1db6024e48&marker=-76.38515992387438%2C37.0594300315992%2C%2C%2C%2C&markertemplate=%7B%22title%22%3A%22%22%2C%22longitude%22%3A-76.38515992387438%2C%22latitude%22%3A37.0594300315992%2C%22isIncludeShareUrl%22%3Atrue%7D&level=16,
Ivy Creek,NA,City of Lynchburg,Youth-Only,,-79.2266,37.4171,https://dgif-virginia.maps.arcgis.com/apps/webappviewer/index.html?id=441ed456c8664166bb735b1db6024e48&marker=-79.22662406332991%2C37.417148275656%2C%2C%2C%2C&markertemplate=%7B%22title%22%3A%22%22%2C%22longitude%22%3A-79.22662406332991%2C%22latitude%22%3A37.417148275656%2C%22isIncludeShareUrl%22%3Atrue%7D&level=17,
Ivy Creek Park Pond,Clemmons Lake,City of Lynchburg,NA,U,-79.2339,37.4051,https://dgif-virginia.maps.arcgis.com/apps/webappviewer/index.html?id=441ed456c8664166bb735b1db6024e48&marker=-79.23388885581357%2C37.405063277431736%2C%2C%2C%2C&markertemplate=%7B%22title%22%3A%22%22%2C%22longitude%22%3A-79.23388885581357%2C%22latitude%22%3A37.405063277431736%2C%22isIncludeShareUrl%22%3Atrue%7D&level=17,
Norton Reservoir,Upper,City of Norton,NA,B,-82.6288,36.91,https://dgif-virginia.maps.arcgis.com/apps/webappviewer/index.html?id=441ed456c8664166bb735b1db6024e48&marker=-82.62877635760617%2C36.910030401444054%2C%2C%2C%2C&markertemplate=%7B%22title%22%3A%22%22%2C%22longitude%22%3A-82.62877635760617%2C%22latitude%22%3A36.910030401444054%2C%22isIncludeShareUrl%22%3Atrue%7D&level=17,
Shields Lake,NA,City of Richmond,NA,U,-77.47547891,37.53952659,,from googlemaps
Lake Tams,NA,City of Staunton,NA,B,-79.0823,38.1584,https://dgif-virginia.maps.arcgis.com/apps/webappviewer/index.html?id=441ed456c8664166bb735b1db6024e48&marker=-79.08230162809855%2C38.15843877924497%2C%2C%2C%2C&markertemplate=%7B%22title%22%3A%22%22%2C%22longitude%22%3A-79.08230162809855%2C%22latitude%22%3A38.15843877924497%2C%22isIncludeShareUrl%22%3Atrue%7D&level=17,
Barbours Creek,NA,Craig County,"c(""NSF"", ""National Forest Water"")",B,-80.0954,37.5895,https://dgif-virginia.maps.arcgis.com/apps/webappviewer/index.html?id=441ed456c8664166bb735b1db6024e48&marker=-80.09543867351894%2C37.58953101326895%2C%2C%2C%2C&markertemplate=%7B%22title%22%3A%22%22%2C%22longitude%22%3A-80.09543867351894%2C%22latitude%22%3A37.58953101326895%2C%22isIncludeShareUrl%22%3Atrue%7D&level=16,
Potts Creek,NA,Craig County,National Forest Water,A,-80.2296,37.5943,https://dgif-virginia.maps.arcgis.com/apps/webappviewer/index.html?id=441ed456c8664166bb735b1db6024e48&marker=-80.22961778171968%2C37.594345470870664%2C%2C%2C%2C&markertemplate=%7B%22title%22%3A%22%22%2C%22longitude%22%3A-80.22961778171968%2C%22latitude%22%3A37.594345470870664%2C%22isIncludeShareUrl%22%3Atrue%7D&level=16,
Cranesnest River,NA,Dickenson County,NA,B,-82.4257,37.1358,https://dgif-virginia.maps.arcgis.com/apps/webappviewer/index.html?id=441ed456c8664166bb735b1db6024e48&marker=-82.42567913861166%2C37.1357758899224%2C%2C%2C%2C&markertemplate=%7B%22title%22%3A%22%22%2C%22longitude%22%3A-82.42567913861166%2C%22latitude%22%3A37.1357758899224%2C%22isIncludeShareUrl%22%3Atrue%7D&level=15,
Frying Pan Creek,NA,Dickenson County,NA,C,-82.2398,37.1058,https://dgif-virginia.maps.arcgis.com/apps/webappviewer/index.html?id=441ed456c8664166bb735b1db6024e48&marker=-82.23976975425744%2C37.10575743017997%2C%2C%2C%2C&markertemplate=%7B%22title%22%3A%22%22%2C%22longitude%22%3A-82.23976975425744%2C%22latitude%22%3A37.10575743017997%2C%22isIncludeShareUrl%22%3Atrue%7D&level=14,
Pound River,Flannagan Dam,Dickenson County,NA,A,-82.3455,37.2344,https://dgif-virginia.maps.arcgis.com/apps/webappviewer/index.html?id=441ed456c8664166bb735b1db6024e48&marker=-82.34549159071334%2C37.23441504627055%2C%2C%2C%2C&markertemplate=%7B%22title%22%3A%22%22%2C%22longitude%22%3A-82.34549159071334%2C%22latitude%22%3A37.23441504627055%2C%22isIncludeShareUrl%22%3Atrue%7D&level=17,
Russell Fork River,Bartlick,Dickenson County,NA,A,-82.3212,37.2433,https://dgif-virginia.maps.arcgis.com/apps/webappviewer/index.html?id=441ed456c8664166bb735b1db6024e48&marker=-82.32119871997949%2C37.24334171621554%2C%2C%2C%2C&markertemplate=%7B%22title%22%3A%22%22%2C%22longitude%22%3A-82.32119871997949%2C%22latitude%22%3A37.24334171621554%2C%22isIncludeShareUrl%22%3Atrue%7D&level=17,
Russell Fork River,Haysi,Dickenson County,NA,B,-82.296,37.2072,https://dgif-virginia.maps.arcgis.com/apps/webappviewer/index.html?id=441ed456c8664166bb735b1db6024e48&marker=-82.29597005624785%2C37.20724999887526%2C%2C%2C%2C&markertemplate=%7B%22title%22%3A%22%22%2C%22longitude%22%3A-82.29597005624785%2C%22latitude%22%3A37.20724999887526%2C%22isIncludeShareUrl%22%3Atrue%7D&level=16,
Accotink Creek,NA,Fairfax County,Delayed Harvest Water,DH,-77.2259,38.8206,https://dgif-virginia.maps.arcgis.com/apps/webappviewer/index.html?id=441ed456c8664166bb735b1db6024e48&marker=-77.22585284696123%2C38.820594460393295%2C%2C%2C%2C&markertemplate=%7B%22title%22%3A%22%22%2C%22longitude%22%3A-77.22585284696123%2C%22latitude%22%3A38.820594460393295%2C%22isIncludeShareUrl%22%3Atrue%7D&level=14,
Holmes Run,NA,Fairfax County,Delayed Harvest Water,DH,-77.1444,38.8432,https://dgif-virginia.maps.arcgis.com/apps/webappviewer/index.html?id=441ed456c8664166bb735b1db6024e48&marker=-77.14437275811638%2C38.8432445366587%2C%2C%2C%2C&markertemplate=%7B%22title%22%3A%22%22%2C%22longitude%22%3A-77.14437275811638%2C%22latitude%22%3A38.8432445366587%2C%22isIncludeShareUrl%22%3Atrue%7D&level=16,
Northern Fauquier Community Park Pond,NA,Fauquier County,Youth-Only,,-77.8274,38.8687,https://dgif-virginia.maps.arcgis.com/apps/webappviewer/index.html?id=441ed456c8664166bb735b1db6024e48&marker=-77.82740592957194%2C38.86868284506515%2C%2C%2C%2C&markertemplate=%7B%22title%22%3A%22Fauquier%22%2C%22longitude%22%3A-77.82740592957194%2C%22latitude%22%3A38.86868284506515%2C%22isIncludeShareUrl%22%3Atrue%7D&level=16,
Thompson WMA Pond,NA,Fauquier County,NA,A,-77.9921,38.9561,https://dgif-virginia.maps.arcgis.com/apps/webappviewer/index.html?id=441ed456c8664166bb735b1db6024e48&marker=-77.99211502075842%2C38.956071652730635%2C%2C%2C%2C&markertemplate=%7B%22title%22%3A%22Fauquier%22%2C%22longitude%22%3A-77.99211502075842%2C%22latitude%22%3A38.956071652730635%2C%22isIncludeShareUrl%22%3Atrue%7D&level=13,
Burkes Fork,NA,Floyd County,NA,A,-80.5275,36.8049,https://dgif-virginia.maps.arcgis.com/apps/webappviewer/index.html?id=441ed456c8664166bb735b1db6024e48&marker=-80.52746269412516%2C36.80491481276692%2C%2C%2C%2C&markertemplate=%7B%22title%22%3A%22Burks%20Fork%22%2C%22longitude%22%3A-80.52746269412516%2C%22latitude%22%3A36.80491481276692%2C%22isIncludeShareUrl%22%3Atrue%7D&level=12,spelled burks fork
Goose Creek,NA,Floyd County,NA,B,-80.2054,37.0825,https://dgif-virginia.maps.arcgis.com/apps/webappviewer/index.html?id=441ed456c8664166bb735b1db6024e48&marker=-80.20537253966218%2C37.0825099722248%2C%2C%2C%2C&markertemplate=%7B%22title%22%3A%22%22%2C%22longitude%22%3A-80.20537253966218%2C%22latitude%22%3A37.0825099722248%2C%22isIncludeShareUrl%22%3Atrue%7D&level=15,
Laurel Fork,NA,Floyd County,NA,B,-80.4302,36.753,https://dgif-virginia.maps.arcgis.com/apps/webappviewer/index.html?id=441ed456c8664166bb735b1db6024e48&marker=-80.43016928299683%2C36.75299269450724%2C%2C%2C%2C&markertemplate=%7B%22title%22%3A%22%22%2C%22longitude%22%3A-80.43016928299683%2C%22latitude%22%3A36.75299269450724%2C%22isIncludeShareUrl%22%3Atrue%7D&level=16,
Little Indian Creek,NA,Floyd County,NSF,B,-80.5273,36.9653,https://dgif-virginia.maps.arcgis.com/apps/webappviewer/index.html?id=441ed456c8664166bb735b1db6024e48&marker=-80.527272278375%2C36.965344559608766%2C%2C%2C%2C&markertemplate=%7B%22title%22%3A%22%22%2C%22longitude%22%3A-80.527272278375%2C%22latitude%22%3A36.965344559608766%2C%22isIncludeShareUrl%22%3Atrue%7D&level=15,
Little River,NA,Floyd County,NA,A,-80.3592,36.9749,https://dgif-virginia.maps.arcgis.com/apps/webappviewer/index.html?id=441ed456c8664166bb735b1db6024e48&marker=-80.3592067323805%2C36.97487367483209%2C%2C%2C%2C&markertemplate=%7B%22title%22%3A%22%22%2C%22longitude%22%3A-80.3592067323805%2C%22latitude%22%3A36.97487367483209%2C%22isIncludeShareUrl%22%3Atrue%7D&level=16,
Mira Fork,NA,Floyd County,NSF,C,-80.569,36.8599,https://dgif-virginia.maps.arcgis.com/apps/webappviewer/index.html?id=441ed456c8664166bb735b1db6024e48&marker=-80.56902200222733%2C36.85986785956759%2C%2C%2C%2C&markertemplate=%7B%22title%22%3A%22%22%2C%22longitude%22%3A-80.56902200222733%2C%22latitude%22%3A36.85986785956759%2C%22isIncludeShareUrl%22%3Atrue%7D&level=16,
Rush Fork,NA,Floyd County,NSF,C,-80.4128,36.8284,https://dgif-virginia.maps.arcgis.com/apps/webappviewer/index.html?id=441ed456c8664166bb735b1db6024e48&marker=-80.41281312203857%2C36.828443444351656%2C%2C%2C%2C&markertemplate=%7B%22title%22%3A%22%22%2C%22longitude%22%3A-80.41281312203857%2C%22latitude%22%3A36.828443444351656%2C%22isIncludeShareUrl%22%3Atrue%7D&level=15,
West Fork Little River,NA,Floyd County,NSF,B,-80.4042,36.8895,https://dgif-virginia.maps.arcgis.com/apps/webappviewer/index.html?id=441ed456c8664166bb735b1db6024e48&marker=-80.40416063007031%2C36.889541843967685%2C%2C%2C%2C&markertemplate=%7B%22title%22%3A%22%22%2C%22longitude%22%3A-80.40416063007031%2C%22latitude%22%3A36.889541843967685%2C%22isIncludeShareUrl%22%3Atrue%7D&level=15,
Hardware River,NA,Fluvanna County,Delayed Harvest Water,DH,-78.4028,37.739,https://dgif-virginia.maps.arcgis.com/apps/webappviewer/index.html?id=441ed456c8664166bb735b1db6024e48&marker=-78.40277999999996%2C37.73903000000007%2C%2C%2C%2C&markertemplate=%7B%22title%22%3A%22%22%2C%22longitude%22%3A-78.40277999999996%2C%22latitude%22%3A37.73903000000007%2C%22isIncludeShareUrl%22%3Atrue%7D&level=13,estimated
Franklin County Park Pond,NA,Franklin County,Youth-Only,,-79.8549,36.9316,https://dgif-virginia.maps.arcgis.com/apps/webappviewer/index.html?id=441ed456c8664166bb735b1db6024e48&marker=-79.85493731289274%2C36.93163459001854%2C%2C%2C%2C&markertemplate=%7B%22title%22%3A%22%22%2C%22longitude%22%3A-79.85493731289274%2C%22latitude%22%3A36.93163459001854%2C%22isIncludeShareUrl%22%3Atrue%7D&level=13,
Pigg River,NA,Franklin County,Heritage Day Water,A,-79.9431,36.9633,https://dgif-virginia.maps.arcgis.com/apps/webappviewer/index.html?id=441ed456c8664166bb735b1db6024e48&marker=-79.94307112423239%2C36.963349028418996%2C%2C%2C%2C&markertemplate=%7B%22title%22%3A%22%22%2C%22longitude%22%3A-79.94307112423239%2C%22latitude%22%3A36.963349028418996%2C%22isIncludeShareUrl%22%3Atrue%7D&level=16,
Pigg River,stocked for youth event on 10/12,Franklin County,NA,A,-79.9431,36.9633,https://dgif-virginia.maps.arcgis.com/apps/webappviewer/index.html?id=441ed456c8664166bb735b1db6024e48&marker=-79.94307112423239%2C36.963349028418996%2C%2C%2C%2C&markertemplate=%7B%22title%22%3A%22%22%2C%22longitude%22%3A-79.94307112423239%2C%22latitude%22%3A36.963349028418996%2C%22isIncludeShareUrl%22%3Atrue%7D&level=16,duplicate
Runnett Bag Creek,NA,Franklin County,NA,B,-80.1758,36.9178,https://dgif-virginia.maps.arcgis.com/apps/webappviewer/index.html?id=441ed456c8664166bb735b1db6024e48&marker=-80.17576329534646%2C36.917806375392566%2C%2C%2C%2C&markertemplate=%7B%22title%22%3A%22%22%2C%22longitude%22%3A-80.17576329534646%2C%22latitude%22%3A36.917806375392566%2C%22isIncludeShareUrl%22%3Atrue%7D&level=14,
Clearbrook Lake,NA,Frederick County,NA,A,-78.0944,39.2545,https://dgif-virginia.maps.arcgis.com/apps/webappviewer/index.html?id=441ed456c8664166bb735b1db6024e48&marker=-78.09437764267331%2C39.25450781693279%2C%2C%2C%2C&markertemplate=%7B%22title%22%3A%22%22%2C%22longitude%22%3A-78.09437764267331%2C%22latitude%22%3A39.25450781693279%2C%22isIncludeShareUrl%22%3Atrue%7D&level=14,
Hogue Creek,NA,Frederick County,NA,B,-78.2621,39.2401,https://dgif-virginia.maps.arcgis.com/apps/webappviewer/index.html?id=441ed456c8664166bb735b1db6024e48&marker=-78.26205843124846%2C39.240056155925174%2C%2C%2C%2C&markertemplate=%7B%22title%22%3A%22%22%2C%22longitude%22%3A-78.26205843124846%2C%22latitude%22%3A39.240056155925174%2C%22isIncludeShareUrl%22%3Atrue%7D&level=15,
Paddy Run,NA,Frederick County,National Forest Water,B,-78.521,39.0566,https://dgif-virginia.maps.arcgis.com/apps/webappviewer/index.html?id=441ed456c8664166bb735b1db6024e48&marker=-78.52097388975989%2C39.056618410319096%2C%2C%2C%2C&markertemplate=%7B%22title%22%3A%22%22%2C%22longitude%22%3A-78.52097388975989%2C%22latitude%22%3A39.056618410319096%2C%22isIncludeShareUrl%22%3Atrue%7D&level=14,
Winchester Lake,Wilkins Lake,Frederick County,NA,A,-78.1614,39.1679,https://dgif-virginia.maps.arcgis.com/apps/webappviewer/index.html?id=441ed456c8664166bb735b1db6024e48&marker=-78.16137488589506%2C39.167932794606756%2C%2C%2C%2C&markertemplate=%7B%22title%22%3A%22%22%2C%22longitude%22%3A-78.16137488589506%2C%22latitude%22%3A39.167932794606756%2C%22isIncludeShareUrl%22%3Atrue%7D&level=14,
Big Stoney Creek,NA,Giles County,National Forest Water,A,-80.6441,37.4047,https://dgif-virginia.maps.arcgis.com/apps/webappviewer/index.html?id=441ed456c8664166bb735b1db6024e48&marker=-80.64414779776268%2C37.40473038592918%2C%2C%2C%2C&markertemplate=%7B%22title%22%3A%22Stony%20Creek%22%2C%22longitude%22%3A-80.64414779776268%2C%22latitude%22%3A37.40473038592918%2C%22isIncludeShareUrl%22%3Atrue%7D&level=14,
Dismal Creek,NA,Giles County,National Forest Water,B,-80.8749,37.2081,https://dgif-virginia.maps.arcgis.com/apps/webappviewer/index.html?id=441ed456c8664166bb735b1db6024e48&marker=-80.87494834771559%2C37.20806936786268%2C%2C%2C%2C&markertemplate=%7B%22title%22%3A%22%22%2C%22longitude%22%3A-80.87494834771559%2C%22latitude%22%3A37.20806936786268%2C%22isIncludeShareUrl%22%3Atrue%7D&level=14,
Glen Alton Pond,NA,Giles County,"c(""Youth-Only"", ""National Forest Water"")",,-80.552,37.4294,https://dgif-virginia.maps.arcgis.com/apps/webappviewer/index.html?id=441ed456c8664166bb735b1db6024e48&marker=-80.55198312622741%2C37.42937931688477%2C%2C%2C%2C&markertemplate=%7B%22title%22%3A%22%22%2C%22longitude%22%3A-80.55198312622741%2C%22latitude%22%3A37.42937931688477%2C%22isIncludeShareUrl%22%3Atrue%7D&level=14,
Wolf Creek,NA,Giles County,NA,A,-80.8499,37.3058,https://dgif-virginia.maps.arcgis.com/apps/webappviewer/index.html?id=441ed456c8664166bb735b1db6024e48&marker=-80.84990315589758%2C37.30576831755599%2C%2C%2C%2C&markertemplate=%7B%22title%22%3A%22%22%2C%22longitude%22%3A-80.84990315589758%2C%22latitude%22%3A37.30576831755599%2C%22isIncludeShareUrl%22%3Atrue%7D&level=15,
Big Wilson Creek,NA,Grayson County,NA,A,-81.5045,36.6681,https://dgif-virginia.maps.arcgis.com/apps/webappviewer/index.html?id=441ed456c8664166bb735b1db6024e48&marker=-81.50451943630553%2C36.668119838170796%2C%2C%2C%2C&markertemplate=%7B%22title%22%3A%22%22%2C%22longitude%22%3A-81.50451943630553%2C%22latitude%22%3A36.668119838170796%2C%22isIncludeShareUrl%22%3Atrue%7D&level=14,
Elk Creek,NA,Grayson County,NA,A,-81.2204,36.7259,https://dgif-virginia.maps.arcgis.com/apps/webappviewer/index.html?id=441ed456c8664166bb735b1db6024e48&marker=-81.22043448609023%2C36.725937407396174%2C%2C%2C%2C&markertemplate=%7B%22title%22%3A%22%22%2C%22longitude%22%3A-81.22043448609023%2C%22latitude%22%3A36.725937407396174%2C%22isIncludeShareUrl%22%3Atrue%7D&level=16,
Fox Creek,NA,Grayson County,National Forest Water,B,-81.5036,36.6983,https://dgif-virginia.maps.arcgis.com/apps/webappviewer/index.html?id=441ed456c8664166bb735b1db6024e48&marker=-81.50364504315743%2C36.69833284373801%2C%2C%2C%2C&markertemplate=%7B%22title%22%3A%22%22%2C%22longitude%22%3A-81.50364504315743%2C%22latitude%22%3A36.69833284373801%2C%22isIncludeShareUrl%22%3Atrue%7D&level=14,
Hales Lake,NA,Grayson County,National Forest Water,A,-81.2504,36.7611,https://dgif-virginia.maps.arcgis.com/apps/webappviewer/index.html?id=441ed456c8664166bb735b1db6024e48&marker=-81.25039233961824%2C36.761146076772754%2C%2C%2C%2C&markertemplate=%7B%22title%22%3A%22%22%2C%22longitude%22%3A-81.25039233961824%2C%22latitude%22%3A36.761146076772754%2C%22isIncludeShareUrl%22%3Atrue%7D&level=14,
Helton Creek,NA,Grayson County,NA,B,-81.5655,36.6113,https://dgif-virginia.maps.arcgis.com/apps/webappviewer/index.html?id=441ed456c8664166bb735b1db6024e48&marker=-81.56545365323075%2C36.61131175173666%2C%2C%2C%2C&markertemplate=%7B%22title%22%3A%22%22%2C%22longitude%22%3A-81.56545365323075%2C%22latitude%22%3A36.61131175173666%2C%22isIncludeShareUrl%22%3Atrue%7D&level=15,
Middle Fox Creek,NA,Grayson County,NA,B,-81.3269,36.6466,https://dgif-virginia.maps.arcgis.com/apps/webappviewer/index.html?id=441ed456c8664166bb735b1db6024e48&marker=-81.32687258525476%2C36.646642369011246%2C%2C%2C%2C&markertemplate=%7B%22title%22%3A%22%22%2C%22longitude%22%3A-81.32687258525476%2C%22latitude%22%3A36.646642369011246%2C%22isIncludeShareUrl%22%3Atrue%7D&level=15,
South River,NA,Greene County,NA,B,-78.4431,38.3292,https://dgif-virginia.maps.arcgis.com/apps/webappviewer/index.html?id=441ed456c8664166bb735b1db6024e48&marker=-78.44312535723208%2C38.32923133475978%2C%2C%2C%2C&markertemplate=%7B%22title%22%3A%22%22%2C%22longitude%22%3A-78.44312535723208%2C%22latitude%22%3A38.32923133475978%2C%22isIncludeShareUrl%22%3Atrue%7D&level=15,
Swift Run,NA,Greene County,NA,B,-78.5142,38.3443,https://dgif-virginia.maps.arcgis.com/apps/webappviewer/index.html?id=441ed456c8664166bb735b1db6024e48&marker=-78.51416377955728%2C38.344256061299724%2C%2C%2C%2C&markertemplate=%7B%22title%22%3A%22%22%2C%22longitude%22%3A-78.51416377955728%2C%22latitude%22%3A38.344256061299724%2C%22isIncludeShareUrl%22%3Atrue%7D&level=14,
Dorey Park Lake,NA,Henrico County,NA,U,-77.3401,37.4591,https://dgif-virginia.maps.arcgis.com/apps/webappviewer/index.html?id=441ed456c8664166bb735b1db6024e48&marker=-77.34007653689538%2C37.45910724319751%2C%2C%2C%2C&markertemplate=%7B%22title%22%3A%22%22%2C%22longitude%22%3A-77.34007653689538%2C%22latitude%22%3A37.45910724319751%2C%22isIncludeShareUrl%22%3Atrue%7D&level=14,
Smith River,Dam,Henry County,NA,B,-80.0279,36.7833,https://dgif-virginia.maps.arcgis.com/apps/webappviewer/index.html?id=441ed456c8664166bb735b1db6024e48&marker=-80.0278582016576%2C36.78331815623193%2C%2C%2C%2C&markertemplate=%7B%22title%22%3A%22Smith%20River%22%2C%22longitude%22%3A-80.0278582016576%2C%22latitude%22%3A36.78331815623193%2C%22isIncludeShareUrl%22%3Atrue%7D&level=11,
Smith River,Lower,Henry County,NA,A,-79.931,36.698,https://dgif-virginia.maps.arcgis.com/apps/webappviewer/index.html?id=441ed456c8664166bb735b1db6024e48&marker=-79.93104118505616%2C36.69803032284673%2C%2C%2C%2C&markertemplate=%7B%22title%22%3A%22Smith%20River%22%2C%22longitude%22%3A-79.93104118505616%2C%22latitude%22%3A36.69803032284673%2C%22isIncludeShareUrl%22%3Atrue%7D&level=11,
Bullpasture River,NA,Highland County,NA,A,-79.5854,38.2243,https://dgif-virginia.maps.arcgis.com/apps/webappviewer/index.html?id=441ed456c8664166bb735b1db6024e48&marker=-79.58538775974463%2C38.22429235521086%2C%2C%2C%2C&markertemplate=%7B%22title%22%3A%22%22%2C%22longitude%22%3A-79.58538775974463%2C%22latitude%22%3A38.22429235521086%2C%22isIncludeShareUrl%22%3Atrue%7D&level=14,
South Branch Potomac River,NA,Highland County,NA,B,-79.5972,38.4669,https://dgif-virginia.maps.arcgis.com/apps/webappviewer/index.html?id=441ed456c8664166bb735b1db6024e48&marker=-79.59718073499673%2C38.46692745423049%2C%2C%2C%2C&markertemplate=%7B%22title%22%3A%22%22%2C%22longitude%22%3A-79.59718073499673%2C%22latitude%22%3A38.46692745423049%2C%22isIncludeShareUrl%22%3Atrue%7D&level=16,
Hardy Creek,NA,Lee County,Delayed Harvest Water,DH,-83.2624,36.6759,https://dgif-virginia.maps.arcgis.com/apps/webappviewer/index.html?id=441ed456c8664166bb735b1db6024e48&marker=-83.26236813472792%2C36.67594546958752%2C%2C%2C%2C&markertemplate=%7B%22title%22%3A%22%22%2C%22longitude%22%3A-83.26236813472792%2C%22latitude%22%3A36.67594546958752%2C%22isIncludeShareUrl%22%3Atrue%7D&level=14,
Indian Creek,NA,Lee County,Delayed Harvest Water,DH,-83.5227,36.63,https://dgif-virginia.maps.arcgis.com/apps/webappviewer/index.html?id=441ed456c8664166bb735b1db6024e48&marker=-83.5226602344628%2C36.63001074311989%2C%2C%2C%2C&markertemplate=%7B%22title%22%3A%22%22%2C%22longitude%22%3A-83.5226602344628%2C%22latitude%22%3A36.63001074311989%2C%22isIncludeShareUrl%22%3Atrue%7D&level=17,
Martins Creek,NA,Lee County,NA,A,-83.3595,36.6504,https://dgif-virginia.maps.arcgis.com/apps/webappviewer/index.html?id=441ed456c8664166bb735b1db6024e48&marker=-83.35946825549719%2C36.65038375487708%2C%2C%2C%2C&markertemplate=%7B%22title%22%3A%22%22%2C%22longitude%22%3A-83.35946825549719%2C%22latitude%22%3A36.65038375487708%2C%22isIncludeShareUrl%22%3Atrue%7D&level=16,
North Fork Powell River,NA,Lee County,NA,A,-82.9981,36.7948,https://dgif-virginia.maps.arcgis.com/apps/webappviewer/index.html?id=441ed456c8664166bb735b1db6024e48&marker=-82.99813528753835%2C36.794782936744824%2C%2C%2C%2C&markertemplate=%7B%22title%22%3A%22%22%2C%22longitude%22%3A-82.99813528753835%2C%22latitude%22%3A36.794782936744824%2C%22isIncludeShareUrl%22%3Atrue%7D&level=14,
Hughes River,NA,Madison County,NA,A,-78.2884,38.5716,https://dgif-virginia.maps.arcgis.com/apps/webappviewer/index.html?id=441ed456c8664166bb735b1db6024e48&marker=-78.288357078315%2C38.57162782564704%2C%2C%2C%2C&markertemplate=%7B%22title%22%3A%22%22%2C%22longitude%22%3A-78.288357078315%2C%22latitude%22%3A38.57162782564704%2C%22isIncludeShareUrl%22%3Atrue%7D&level=14,
Robinson River,NA,Madison County,Heritage Day Water,A,-78.3148,38.4662,https://dgif-virginia.maps.arcgis.com/apps/webappviewer/index.html?id=441ed456c8664166bb735b1db6024e48&marker=-78.31475545634439%2C38.466183656136955%2C%2C%2C%2C&markertemplate=%7B%22title%22%3A%22%22%2C%22longitude%22%3A-78.31475545634439%2C%22latitude%22%3A38.466183656136955%2C%22isIncludeShareUrl%22%3Atrue%7D&level=14,
Rose River,NA,Madison County,Heritage Day Water,A,-78.3411,38.4933,https://dgif-virginia.maps.arcgis.com/apps/webappviewer/index.html?id=441ed456c8664166bb735b1db6024e48&marker=-78.34107586060712%2C38.49325332949236%2C%2C%2C%2C&markertemplate=%7B%22title%22%3A%22%22%2C%22longitude%22%3A-78.34107586060712%2C%22latitude%22%3A38.49325332949236%2C%22isIncludeShareUrl%22%3Atrue%7D&level=15,
Craig Creek,NA,Montgomery County,National Forest Water,B,-80.3637,37.3243,https://dgif-virginia.maps.arcgis.com/apps/webappviewer/index.html?id=441ed456c8664166bb735b1db6024e48&marker=-80.36369091566633%2C37.324275655085%2C%2C%2C%2C&markertemplate=%7B%22title%22%3A%22%22%2C%22longitude%22%3A-80.36369091566633%2C%22latitude%22%3A37.324275655085%2C%22isIncludeShareUrl%22%3Atrue%7D&level=14,
Pandapas Pond,NA,Montgomery County,National Forest Water,A,-80.4683,37.2813,https://dgif-virginia.maps.arcgis.com/apps/webappviewer/index.html?id=441ed456c8664166bb735b1db6024e48&marker=-80.46825383557417%2C37.281294787645145%2C%2C%2C%2C&markertemplate=%7B%22title%22%3A%22%22%2C%22longitude%22%3A-80.46825383557417%2C%22latitude%22%3A37.281294787645145%2C%22isIncludeShareUrl%22%3Atrue%7D&level=14,
Poverty Creek,NA,Montgomery County,National Forest Water,C,-80.4979,37.2626,https://dgif-virginia.maps.arcgis.com/apps/webappviewer/index.html?id=441ed456c8664166bb735b1db6024e48&marker=-80.49792844130997%2C37.26262672734486%2C%2C%2C%2C&markertemplate=%7B%22title%22%3A%22%22%2C%22longitude%22%3A-80.49792844130997%2C%22latitude%22%3A37.26262672734486%2C%22isIncludeShareUrl%22%3Atrue%7D&level=14,
Toms Creek,NA,Montgomery County,NA,B,-80.5119,37.2315,https://dgif-virginia.maps.arcgis.com/apps/webappviewer/index.html?id=441ed456c8664166bb735b1db6024e48&marker=-80.51192457971213%2C37.23152698561093%2C%2C%2C%2C&markertemplate=%7B%22title%22%3A%22%22%2C%22longitude%22%3A-80.51192457971213%2C%22latitude%22%3A37.23152698561093%2C%22isIncludeShareUrl%22%3Atrue%7D&level=14,
South Rockfish River,NA,Nelson County,NSF,C,-78.9729,37.8899,https://dgif-virginia.maps.arcgis.com/apps/webappviewer/index.html?id=441ed456c8664166bb735b1db6024e48&marker=-78.97285715513895%2C37.88993038100259%2C%2C%2C%2C&markertemplate=%7B%22title%22%3A%22%22%2C%22longitude%22%3A-78.97285715513895%2C%22latitude%22%3A37.88993038100259%2C%22isIncludeShareUrl%22%3Atrue%7D&level=15,
Tye River,NA,Nelson County,NA,A,-79.041,37.8551,https://dgif-virginia.maps.arcgis.com/apps/webappviewer/index.html?id=441ed456c8664166bb735b1db6024e48&marker=-79.04101336880767%2C37.85506030415791%2C%2C%2C%2C&markertemplate=%7B%22title%22%3A%22%22%2C%22longitude%22%3A-79.04101336880767%2C%22latitude%22%3A37.85506030415791%2C%22isIncludeShareUrl%22%3Atrue%7D&level=15,
Cub Run,NA,Page County,National Forest Water,B,-78.6503,38.5365,https://dgif-virginia.maps.arcgis.com/apps/webappviewer/index.html?id=441ed456c8664166bb735b1db6024e48&marker=-78.6502830960581%2C38.53650852416382%2C%2C%2C%2C&markertemplate=%7B%22title%22%3A%22%22%2C%22longitude%22%3A-78.6502830960581%2C%22latitude%22%3A38.53650852416382%2C%22isIncludeShareUrl%22%3Atrue%7D&level=15,
Hawksbill Creek,NA,Page County,Heritage Day Water,A,-78.4639,38.6538,https://dgif-virginia.maps.arcgis.com/apps/webappviewer/index.html?id=441ed456c8664166bb735b1db6024e48&marker=-78.46387530841797%2C38.65384268915585%2C%2C%2C%2C&markertemplate=%7B%22title%22%3A%22%22%2C%22longitude%22%3A-78.46387530841797%2C%22latitude%22%3A38.65384268915585%2C%22isIncludeShareUrl%22%3Atrue%7D&level=14,
Upper Passage Creek,NA,Page County,National Forest Water,C,-78.5852,38.6831,https://dgif-virginia.maps.arcgis.com/apps/webappviewer/index.html?id=441ed456c8664166bb735b1db6024e48&marker=-78.58520075559488%2C38.68309461981362%2C%2C%2C%2C&markertemplate=%7B%22title%22%3A%22%22%2C%22longitude%22%3A-78.58520075559488%2C%22latitude%22%3A38.68309461981362%2C%22isIncludeShareUrl%22%3Atrue%7D&level=14,
Ararat River,NA,Patrick County,NA,B,-80.512,36.6117,https://dgif-virginia.maps.arcgis.com/apps/webappviewer/index.html?id=441ed456c8664166bb735b1db6024e48&marker=-80.51198024831028%2C36.61173805875908%2C%2C%2C%2C&markertemplate=%7B%22title%22%3A%22%22%2C%22longitude%22%3A-80.51198024831028%2C%22latitude%22%3A36.61173805875908%2C%22isIncludeShareUrl%22%3Atrue%7D&level=14,
Clarks Creek,NA,Patrick County,NA,B,-80.5197,36.5758,https://dgif-virginia.maps.arcgis.com/apps/webappviewer/index.html?id=441ed456c8664166bb735b1db6024e48&marker=-80.5196596851628%2C36.575808560838894%2C%2C%2C%2C&markertemplate=%7B%22title%22%3A%22%22%2C%22longitude%22%3A-80.5196596851628%2C%22latitude%22%3A36.575808560838894%2C%22isIncludeShareUrl%22%3Atrue%7D&level=15,
Dan River,Below Powerhouse,Patrick County,NA,A,-80.4476,36.667,https://dgif-virginia.maps.arcgis.com/apps/webappviewer/index.html?id=441ed456c8664166bb735b1db6024e48&marker=-80.44757753725843%2C36.666968353946444%2C%2C%2C%2C&markertemplate=%7B%22title%22%3A%22%22%2C%22longitude%22%3A-80.44757753725843%2C%22latitude%22%3A36.666968353946444%2C%22isIncludeShareUrl%22%3Atrue%7D&level=13,
Dan River,Above Talbott,Patrick County,NSF,B,-80.4042,36.6673,https://dgif-virginia.maps.arcgis.com/apps/webappviewer/index.html?id=441ed456c8664166bb735b1db6024e48&marker=-80.40416724544171%2C36.66729554982076%2C%2C%2C%2C&markertemplate=%7B%22title%22%3A%22Dan%20River%20above%20Townes%22%2C%22longitude%22%3A-80.40416724544171%2C%22latitude%22%3A36.66729554982076%2C%22isIncludeShareUrl%22%3Atrue%7D&level=14,guess
Poorhouse Creek,NA,Patrick County,NSF,C,-80.2972,36.6679,https://dgif-virginia.maps.arcgis.com/apps/webappviewer/index.html?id=441ed456c8664166bb735b1db6024e48&marker=-80.29717894236104%2C36.66792541302011%2C%2C%2C%2C&markertemplate=%7B%22title%22%3A%22%22%2C%22longitude%22%3A-80.29717894236104%2C%22latitude%22%3A36.66792541302011%2C%22isIncludeShareUrl%22%3Atrue%7D&level=15,
Rockcastle Creek,NA,Patrick County,NA,B,-80.279,36.8099,https://dgif-virginia.maps.arcgis.com/apps/webappviewer/index.html?id=441ed456c8664166bb735b1db6024e48&marker=-80.27896756508802%2C36.80991046516701%2C%2C%2C%2C&markertemplate=%7B%22title%22%3A%22Rock%20Castle%20Creek%22%2C%22longitude%22%3A-80.27896756508802%2C%22latitude%22%3A36.80991046516701%2C%22isIncludeShareUrl%22%3Atrue%7D&level=11,
Round Meadow Creek,NA,Patrick County,NSF,C,-80.4227,36.7207,https://dgif-virginia.maps.arcgis.com/apps/webappviewer/index.html?id=441ed456c8664166bb735b1db6024e48&marker=-80.42273253500147%2C36.72068418501553%2C%2C%2C%2C&markertemplate=%7B%22title%22%3A%22%22%2C%22longitude%22%3A-80.42273253500147%2C%22latitude%22%3A36.72068418501553%2C%22isIncludeShareUrl%22%3Atrue%7D&level=16,
South Mayo River,North Fork,Patrick County,NA,C,-80.2837,36.688,https://dgif-virginia.maps.arcgis.com/apps/webappviewer/index.html?id=441ed456c8664166bb735b1db6024e48&marker=-80.28372296992238%2C36.68802248882528%2C%2C%2C%2C&markertemplate=%7B%22title%22%3A%22%22%2C%22longitude%22%3A-80.28372296992238%2C%22latitude%22%3A36.68802248882528%2C%22isIncludeShareUrl%22%3Atrue%7D&level=14,
South Mayo River,South Fork,Patrick County,NA,C,-80.3143,36.6504,https://dgif-virginia.maps.arcgis.com/apps/webappviewer/index.html?id=441ed456c8664166bb735b1db6024e48&marker=-80.31433849803622%2C36.65040214744373%2C%2C%2C%2C&markertemplate=%7B%22title%22%3A%22%22%2C%22longitude%22%3A-80.31433849803622%2C%22latitude%22%3A36.65040214744373%2C%22isIncludeShareUrl%22%3Atrue%7D&level=15,
Locust Shade Park,NA,Prince William County,NA,U,-77.3465,38.5376,https://dgif-virginia.maps.arcgis.com/apps/webappviewer/index.html?id=441ed456c8664166bb735b1db6024e48&marker=-77.34649190939585%2C38.537618899597625%2C%2C%2C%2C&markertemplate=%7B%22title%22%3A%22%22%2C%22longitude%22%3A-77.34649190939585%2C%22latitude%22%3A38.537618899597625%2C%22isIncludeShareUrl%22%3Atrue%7D&level=15,
Quantico MCB,NA,Prince William County,Heritage Day Water,B,-77.3311,38.5428,https://dgif-virginia.maps.arcgis.com/apps/webappviewer/index.html?id=441ed456c8664166bb735b1db6024e48&marker=-77.33106%2C38.542770000000075%2C%2C%2C%2C&markertemplate=%7B%22title%22%3A%22%22%2C%22longitude%22%3A-77.33106%2C%22latitude%22%3A38.542770000000075%2C%22isIncludeShareUrl%22%3Atrue%7D&level=11,estimate
Peak Creek-Below Gatewood Reservoir,NA,Pulaski County,NA,B,-80.8565,37.0376,https://dgif-virginia.maps.arcgis.com/apps/webappviewer/index.html?id=441ed456c8664166bb735b1db6024e48&marker=-80.85650829464532%2C37.03756758291794%2C%2C%2C%2C&markertemplate=%7B%22title%22%3A%22Peak%20Creek%22%2C%22longitude%22%3A-80.85650829464532%2C%22latitude%22%3A37.03756758291794%2C%22isIncludeShareUrl%22%3Atrue%7D&level=13,
Peak Creek-Town of Pulaski,NA,Pulaski County,NA,B,-80.769,37.0473,https://dgif-virginia.maps.arcgis.com/apps/webappviewer/index.html?id=441ed456c8664166bb735b1db6024e48&marker=-80.76896099239934%2C37.04729588405987%2C%2C%2C%2C&markertemplate=%7B%22title%22%3A%22Peak%20Creek%22%2C%22longitude%22%3A-80.76896099239934%2C%22latitude%22%3A37.04729588405987%2C%22isIncludeShareUrl%22%3Atrue%7D&level=13,
Glade Creek,NA,Roanoke County,NA,A,-79.8818,37.2929,https://dgif-virginia.maps.arcgis.com/apps/webappviewer/index.html?id=441ed456c8664166bb735b1db6024e48&marker=-79.88176022574224%2C37.2928600830203%2C%2C%2C%2C&markertemplate=%7B%22title%22%3A%22%22%2C%22longitude%22%3A-79.88176022574224%2C%22latitude%22%3A37.2928600830203%2C%22isIncludeShareUrl%22%3Atrue%7D&level=16,
Roanoke River,Salem,Roanoke County,NA,A,-80.0861,37.2836,https://dgif-virginia.maps.arcgis.com/apps/webappviewer/index.html?id=441ed456c8664166bb735b1db6024e48&marker=-80.08607412295757%2C37.28360954991987%2C%2C%2C%2C&markertemplate=%7B%22title%22%3A%22%22%2C%22longitude%22%3A-80.08607412295757%2C%22latitude%22%3A37.28360954991987%2C%22isIncludeShareUrl%22%3Atrue%7D&level=15,
Roanoke River,City,Roanoke County,NA,A,-79.964,37.2665,https://dgif-virginia.maps.arcgis.com/apps/webappviewer/index.html?id=441ed456c8664166bb735b1db6024e48&marker=-79.9640019961165%2C37.266451335358845%2C%2C%2C%2C&markertemplate=%7B%22title%22%3A%22%22%2C%22longitude%22%3A-79.9640019961165%2C%22latitude%22%3A37.266451335358845%2C%22isIncludeShareUrl%22%3Atrue%7D&level=15,
Roanoke River,Salem,Roanoke County,Delayed Harvest Water,DH,-80.0544,37.2766,https://dgif-virginia.maps.arcgis.com/apps/webappviewer/index.html?id=441ed456c8664166bb735b1db6024e48&marker=-80.054390444072%2C37.27662975230382%2C%2C%2C%2C&markertemplate=%7B%22title%22%3A%22%22%2C%22longitude%22%3A-80.054390444072%2C%22latitude%22%3A37.27662975230382%2C%22isIncludeShareUrl%22%3Atrue%7D&level=16,
Roanoke River,Green Hill Park,Roanoke County,Delayed Harvest Water,DH,-80.1178,37.2707,https://dgif-virginia.maps.arcgis.com/apps/webappviewer/index.html?id=441ed456c8664166bb735b1db6024e48&marker=-80.11783876699971%2C37.2706833802311%2C%2C%2C%2C&markertemplate=%7B%22title%22%3A%22%22%2C%22longitude%22%3A-80.11783876699971%2C%22latitude%22%3A37.2706833802311%2C%22isIncludeShareUrl%22%3Atrue%7D&level=16,
Tinker Creek,NA,Roanoke County,Heritage Day Water,A,-79.9198,37.2978,https://dgif-virginia.maps.arcgis.com/apps/webappviewer/index.html?id=441ed456c8664166bb735b1db6024e48&marker=-79.91981587053375%2C37.29779582775913%2C%2C%2C%2C&markertemplate=%7B%22title%22%3A%22%22%2C%22longitude%22%3A-79.91981587053375%2C%22latitude%22%3A37.29779582775913%2C%22isIncludeShareUrl%22%3Atrue%7D&level=15,
Cave Mountain Lake,NA,Rockbridge County,"c(""Youth-Only"", ""National Forest Water"")",,-79.5372,37.5736,https://dgif-virginia.maps.arcgis.com/apps/webappviewer/index.html?id=441ed456c8664166bb735b1db6024e48&marker=-79.53721081461326%2C37.57356795556334%2C%2C%2C%2C&markertemplate=%7B%22title%22%3A%22%22%2C%22longitude%22%3A-79.53721081461326%2C%22latitude%22%3A37.57356795556334%2C%22isIncludeShareUrl%22%3Atrue%7D&level=15,
Irish Creek,NA,Rockbridge County,National Forest Water,B,-79.2645,37.8122,https://dgif-virginia.maps.arcgis.com/apps/webappviewer/index.html?id=441ed456c8664166bb735b1db6024e48&marker=-79.26450250644847%2C37.8121525533711%2C%2C%2C%2C&markertemplate=%7B%22title%22%3A%22%22%2C%22longitude%22%3A-79.26450250644847%2C%22latitude%22%3A37.8121525533711%2C%22isIncludeShareUrl%22%3Atrue%7D&level=13,
Maury River,NA,Rockbridge County,NA,A,-79.4597,37.9493,https://dgif-virginia.maps.arcgis.com/apps/webappviewer/index.html?id=441ed456c8664166bb735b1db6024e48&marker=-79.45967010778386%2C37.94931497512173%2C%2C%2C%2C&markertemplate=%7B%22title%22%3A%22%22%2C%22longitude%22%3A-79.45967010778386%2C%22latitude%22%3A37.94931497512173%2C%22isIncludeShareUrl%22%3Atrue%7D&level=15,
Mill Creek,NA,Rockbridge County,National Forest Water,A,-79.5519,38.0042,https://dgif-virginia.maps.arcgis.com/apps/webappviewer/index.html?id=441ed456c8664166bb735b1db6024e48&marker=-79.5518602887384%2C38.00419624844193%2C%2C%2C%2C&markertemplate=%7B%22title%22%3A%22%22%2C%22longitude%22%3A-79.5518602887384%2C%22latitude%22%3A38.00419624844193%2C%22isIncludeShareUrl%22%3Atrue%7D&level=16,
South River,NA,Rockbridge County,NA,B,-79.2545,37.8622,https://dgif-virginia.maps.arcgis.com/apps/webappviewer/index.html?id=441ed456c8664166bb735b1db6024e48&marker=-79.2545302994963%2C37.86224889951102%2C%2C%2C%2C&markertemplate=%7B%22title%22%3A%22%22%2C%22longitude%22%3A-79.2545302994963%2C%22latitude%22%3A37.86224889951102%2C%22isIncludeShareUrl%22%3Atrue%7D&level=15,
Briery Branch Lake,NA,Rockingham County,National Forest Water,A,-79.1602,38.4509,https://dgif-virginia.maps.arcgis.com/apps/webappviewer/index.html?id=441ed456c8664166bb735b1db6024e48&marker=-79.16023903095743%2C38.45094094984275%2C%2C%2C%2C&markertemplate=%7B%22title%22%3A%22%22%2C%22longitude%22%3A-79.16023903095743%2C%22latitude%22%3A38.45094094984275%2C%22isIncludeShareUrl%22%3Atrue%7D&level=15,
Dry River,NA,Rockingham County,NSF,B,-79.1102,38.5784,https://dgif-virginia.maps.arcgis.com/apps/webappviewer/index.html?id=441ed456c8664166bb735b1db6024e48&marker=-79.11024483892204%2C38.578381450131936%2C%2C%2C%2C&markertemplate=%7B%22title%22%3A%22%22%2C%22longitude%22%3A-79.11024483892204%2C%22latitude%22%3A38.578381450131936%2C%22isIncludeShareUrl%22%3Atrue%7D&level=13,
German River,NA,Rockingham County,NA,C,-79.0156,38.7531,https://dgif-virginia.maps.arcgis.com/apps/webappviewer/index.html?id=441ed456c8664166bb735b1db6024e48&marker=-79.0155801497027%2C38.75309214743801%2C%2C%2C%2C&markertemplate=%7B%22title%22%3A%22%22%2C%22longitude%22%3A-79.0155801497027%2C%22latitude%22%3A38.75309214743801%2C%22isIncludeShareUrl%22%3Atrue%7D&level=16,
Hone Quarry Lake,NA,Rockingham County,National Forest Water,A,-79.1442,38.472,https://dgif-virginia.maps.arcgis.com/apps/webappviewer/index.html?id=441ed456c8664166bb735b1db6024e48&marker=-79.14421125372556%2C38.47200761865162%2C%2C%2C%2C&markertemplate=%7B%22title%22%3A%22%22%2C%22longitude%22%3A-79.14421125372556%2C%22latitude%22%3A38.47200761865162%2C%22isIncludeShareUrl%22%3Atrue%7D&level=15,
Hone Quarry Run,NA,Rockingham County,National Forest Water,C,-79.1435,38.4709,https://dgif-virginia.maps.arcgis.com/apps/webappviewer/index.html?id=441ed456c8664166bb735b1db6024e48&marker=-79.14352784240685%2C38.470948895221866%2C%2C%2C%2C&markertemplate=%7B%22title%22%3A%22%22%2C%22longitude%22%3A-79.14352784240685%2C%22latitude%22%3A38.470948895221866%2C%22isIncludeShareUrl%22%3Atrue%7D&level=15,
North Fork Shenandoah River,NA,Rockingham County,NA,B,-78.9374,38.7597,https://dgif-virginia.maps.arcgis.com/apps/webappviewer/index.html?id=441ed456c8664166bb735b1db6024e48&marker=-78.93741263440064%2C38.75972949711517%2C%2C%2C%2C&markertemplate=%7B%22title%22%3A%22%22%2C%22longitude%22%3A-78.93741263440064%2C%22latitude%22%3A38.75972949711517%2C%22isIncludeShareUrl%22%3Atrue%7D&level=17,
Silver Lake,NA,Rockingham County,NA,B,-78.9401,38.4232,https://dgif-virginia.maps.arcgis.com/apps/webappviewer/index.html?id=441ed456c8664166bb735b1db6024e48&marker=-78.94012785522897%2C38.42316039238248%2C%2C%2C%2C&markertemplate=%7B%22title%22%3A%22%22%2C%22longitude%22%3A-78.94012785522897%2C%22latitude%22%3A38.42316039238248%2C%22isIncludeShareUrl%22%3Atrue%7D&level=17,
Slate Lick Lake,NA,Rockingham County,National Forest Water,B,-78.9711,38.6091,https://dgif-virginia.maps.arcgis.com/apps/webappviewer/index.html?id=441ed456c8664166bb735b1db6024e48&marker=-78.97110843172482%2C38.609079877385525%2C%2C%2C%2C&markertemplate=%7B%22title%22%3A%22%22%2C%22longitude%22%3A-78.97110843172482%2C%22latitude%22%3A38.609079877385525%2C%22isIncludeShareUrl%22%3Atrue%7D&level=17,
Slate Lick Run,NA,Rockingham County,National Forest Water,B,-78.9698,38.6112,https://dgif-virginia.maps.arcgis.com/apps/webappviewer/index.html?id=441ed456c8664166bb735b1db6024e48&marker=-78.96976919634979%2C38.611164726226995%2C%2C%2C%2C&markertemplate=%7B%22title%22%3A%22%22%2C%22longitude%22%3A-78.96976919634979%2C%22latitude%22%3A38.611164726226995%2C%22isIncludeShareUrl%22%3Atrue%7D&level=15,
South River,Grottoes,Rockingham County,NA,A,-78.8336,38.2549,https://dgif-virginia.maps.arcgis.com/apps/webappviewer/index.html?id=441ed456c8664166bb735b1db6024e48&marker=-78.83362510431344%2C38.254908213454044%2C%2C%2C%2C&markertemplate=%7B%22title%22%3A%22%22%2C%22longitude%22%3A-78.83362510431344%2C%22latitude%22%3A38.254908213454044%2C%22isIncludeShareUrl%22%3Atrue%7D&level=14,
Big Cedar Creek,NA,Russell County,NA,A,-82.0559,36.9531,https://dgif-virginia.maps.arcgis.com/apps/webappviewer/index.html?id=441ed456c8664166bb735b1db6024e48&marker=-82.0558652209712%2C36.95312367025171%2C%2C%2C%2C&markertemplate=%7B%22title%22%3A%22%22%2C%22longitude%22%3A-82.0558652209712%2C%22latitude%22%3A36.95312367025171%2C%22isIncludeShareUrl%22%3Atrue%7D&level=17,
Bark Camp Lake,NA,Scott County,"c(""Heritage Day Water"", ""National Forest Water"")",A,-82.5218,36.8671,https://dgif-virginia.maps.arcgis.com/apps/webappviewer/index.html?id=441ed456c8664166bb735b1db6024e48&marker=-82.52175384146724%2C36.86706271304788%2C%2C%2C%2C&markertemplate=%7B%22title%22%3A%22%22%2C%22longitude%22%3A-82.52175384146724%2C%22latitude%22%3A36.86706271304788%2C%22isIncludeShareUrl%22%3Atrue%7D&level=17,
Big Moccasin Creek,NA,Scott County,Delayed Harvest Water,DH,-82.5623,36.645,https://dgif-virginia.maps.arcgis.com/apps/webappviewer/index.html?id=441ed456c8664166bb735b1db6024e48&marker=-82.5622565869242%2C36.644999747552966%2C%2C%2C%2C&markertemplate=%7B%22title%22%3A%22%22%2C%22longitude%22%3A-82.5622565869242%2C%22latitude%22%3A36.644999747552966%2C%22isIncludeShareUrl%22%3Atrue%7D&level=16,
Big Stony Creek,NA,Scott County,NA,B,-82.5812,36.7757,https://dgif-virginia.maps.arcgis.com/apps/webappviewer/index.html?id=441ed456c8664166bb735b1db6024e48&marker=-82.58115096907609%2C36.775707750343564%2C%2C%2C%2C&markertemplate=%7B%22title%22%3A%22%22%2C%22longitude%22%3A-82.58115096907609%2C%22latitude%22%3A36.775707750343564%2C%22isIncludeShareUrl%22%3Atrue%7D&level=14,
Little Stony Creek,NA,Scott County,National Forest Water,B,-82.4603,36.8773,https://dgif-virginia.maps.arcgis.com/apps/webappviewer/index.html?id=441ed456c8664166bb735b1db6024e48&marker=-82.46028979818747%2C36.8772724383745%2C%2C%2C%2C&markertemplate=%7B%22title%22%3A%22%22%2C%22longitude%22%3A-82.46028979818747%2C%22latitude%22%3A36.8772724383745%2C%22isIncludeShareUrl%22%3Atrue%7D&level=15,
Stock Creek,NA,Scott County,NA,B,-82.7526,36.7198,https://dgif-virginia.maps.arcgis.com/apps/webappviewer/index.html?id=441ed456c8664166bb735b1db6024e48&marker=-82.75260061247629%2C36.719787727627725%2C%2C%2C%2C&markertemplate=%7B%22title%22%3A%22%22%2C%22longitude%22%3A-82.75260061247629%2C%22latitude%22%3A36.719787727627725%2C%22isIncludeShareUrl%22%3Atrue%7D&level=15,
Mill Creek,NA,Shenandoah County,NA,B,-78.6694,38.7551,https://dgif-virginia.maps.arcgis.com/apps/webappviewer/index.html?id=441ed456c8664166bb735b1db6024e48&marker=-78.66942760511768%2C38.75508216319886%2C%2C%2C%2C&markertemplate=%7B%22title%22%3A%22%22%2C%22longitude%22%3A-78.66942760511768%2C%22latitude%22%3A38.75508216319886%2C%22isIncludeShareUrl%22%3Atrue%7D&level=15,
Passage Creek,NA,Shenandoah County,"c(""Heritage Day Water"", ""National Forest Water"")",A,-78.3302,38.9224,https://dgif-virginia.maps.arcgis.com/apps/webappviewer/index.html?id=441ed456c8664166bb735b1db6024e48&marker=-78.33019640911691%2C38.92241638848984%2C%2C%2C%2C&markertemplate=%7B%22title%22%3A%22%22%2C%22longitude%22%3A-78.33019640911691%2C%22latitude%22%3A38.92241638848984%2C%22isIncludeShareUrl%22%3Atrue%7D&level=15,
Peters Mill Creek,NA,Shenandoah County,National Forest Water,C,-78.4403,38.8638,https://dgif-virginia.maps.arcgis.com/apps/webappviewer/index.html?id=441ed456c8664166bb735b1db6024e48&marker=-78.44034096313469%2C38.86384997127377%2C%2C%2C%2C&markertemplate=%7B%22title%22%3A%22Peters%20Mill%20Run%22%2C%22longitude%22%3A-78.44034096313469%2C%22latitude%22%3A38.86384997127377%2C%22isIncludeShareUrl%22%3Atrue%7D&level=13,Peters Mill Run
Stony Creek,NA,Shenandoah County,NA,A,-78.6012,38.8416,https://dgif-virginia.maps.arcgis.com/apps/webappviewer/index.html?id=441ed456c8664166bb735b1db6024e48&marker=-78.6011967683983%2C38.84158479022347%2C%2C%2C%2C&markertemplate=%7B%22title%22%3A%22%22%2C%22longitude%22%3A-78.6011967683983%2C%22latitude%22%3A38.84158479022347%2C%22isIncludeShareUrl%22%3Atrue%7D&level=13,
Tomahawk Pond,NA,Shenandoah County,National Forest Water,B,-78.8414,38.7589,https://dgif-virginia.maps.arcgis.com/apps/webappviewer/index.html?id=441ed456c8664166bb735b1db6024e48&marker=-78.84141950755601%2C38.75887991381776%2C%2C%2C%2C&markertemplate=%7B%22title%22%3A%22%22%2C%22longitude%22%3A-78.84141950755601%2C%22latitude%22%3A38.75887991381776%2C%22isIncludeShareUrl%22%3Atrue%7D&level=13,
Comers Creek,NA,Smyth County,National Forest Water,C,-81.4762,36.721,https://dgif-virginia.maps.arcgis.com/apps/webappviewer/index.html?id=441ed456c8664166bb735b1db6024e48&marker=-81.47617203750309%2C36.720976180539594%2C%2C%2C%2C&markertemplate=%7B%22title%22%3A%22%22%2C%22longitude%22%3A-81.47617203750309%2C%22latitude%22%3A36.720976180539594%2C%22isIncludeShareUrl%22%3Atrue%7D&level=15,
Cressy Creek,NA,Smyth County,National Forest Water,C,-81.3675,36.7545,https://dgif-virginia.maps.arcgis.com/apps/webappviewer/index.html?id=441ed456c8664166bb735b1db6024e48&marker=-81.36748924607292%2C36.754525862851516%2C%2C%2C%2C&markertemplate=%7B%22title%22%3A%22%22%2C%22longitude%22%3A-81.36748924607292%2C%22latitude%22%3A36.754525862851516%2C%22isIncludeShareUrl%22%3Atrue%7D&level=16,
Dickey Creek,NA,Smyth County,National Forest Water,C,-81.4411,36.7287,https://dgif-virginia.maps.arcgis.com/apps/webappviewer/index.html?id=441ed456c8664166bb735b1db6024e48&marker=-81.44105009280017%2C36.72867125072207%2C%2C%2C%2C&markertemplate=%7B%22title%22%3A%22%22%2C%22longitude%22%3A-81.44105009280017%2C%22latitude%22%3A36.72867125072207%2C%22isIncludeShareUrl%22%3Atrue%7D&level=15,
Forest Service Office Youth Ponds,NA,Smyth County,Youth-Only,,-81.517679,36.846465,,used roughly center of county
Hurricane Creek,NA,Smyth County,National Forest Water,C,-81.5285,36.7164,https://dgif-virginia.maps.arcgis.com/apps/webappviewer/index.html?id=441ed456c8664166bb735b1db6024e48&marker=-81.52852150441561%2C36.71635768676542%2C%2C%2C%2C&markertemplate=%7B%22title%22%3A%22%22%2C%22longitude%22%3A-81.52852150441561%2C%22latitude%22%3A36.71635768676542%2C%22isIncludeShareUrl%22%3Atrue%7D&level=14,
Middle Fork Holston River,Chilhowie,Smyth County,Heritage Day Water,A,-81.6707,36.8041,https://dgif-virginia.maps.arcgis.com/apps/webappviewer/index.html?id=441ed456c8664166bb735b1db6024e48&marker=-81.67068409325991%2C36.804145588682786%2C%2C%2C%2C&markertemplate=%7B%22title%22%3A%22%22%2C%22longitude%22%3A-81.67068409325991%2C%22latitude%22%3A36.804145588682786%2C%22isIncludeShareUrl%22%3Atrue%7D&level=16,
Middle Fork Holston River,Marion,Smyth County,Heritage Day Water,A,-81.5201,36.8372,https://dgif-virginia.maps.arcgis.com/apps/webappviewer/index.html?id=441ed456c8664166bb735b1db6024e48&marker=-81.52012165463786%2C36.83722600233519%2C%2C%2C%2C&markertemplate=%7B%22title%22%3A%22%22%2C%22longitude%22%3A-81.52012165463786%2C%22latitude%22%3A36.83722600233519%2C%22isIncludeShareUrl%22%3Atrue%7D&level=16,
Middle Fork Holston River,Upper,Smyth County,NA,B,-81.3639,36.8973,https://dgif-virginia.maps.arcgis.com/apps/webappviewer/index.html?id=441ed456c8664166bb735b1db6024e48&marker=-81.36387787490031%2C36.89729981982283%2C%2C%2C%2C&markertemplate=%7B%22title%22%3A%22%22%2C%22longitude%22%3A-81.36387787490031%2C%22latitude%22%3A36.89729981982283%2C%22isIncludeShareUrl%22%3Atrue%7D&level=16,
South Fork Holston River,Lower,Smyth County,NA,A,-81.5571,36.7637,https://dgif-virginia.maps.arcgis.com/apps/webappviewer/index.html?id=441ed456c8664166bb735b1db6024e48&marker=-81.55708766095603%2C36.76369144940877%2C%2C%2C%2C&markertemplate=%7B%22title%22%3A%22%22%2C%22longitude%22%3A-81.55708766095603%2C%22latitude%22%3A36.76369144940877%2C%22isIncludeShareUrl%22%3Atrue%7D&level=15,
South Fork Holston River,Buller Dam,Smyth County,National Forest Water,A,-81.5268,36.7599,https://dgif-virginia.maps.arcgis.com/apps/webappviewer/index.html?id=441ed456c8664166bb735b1db6024e48&marker=-81.52677089453937%2C36.75987611517282%2C%2C%2C%2C&markertemplate=%7B%22title%22%3A%22%22%2C%22longitude%22%3A-81.52677089453937%2C%22latitude%22%3A36.75987611517282%2C%22isIncludeShareUrl%22%3Atrue%7D&level=19,
Staley Creek,NA,Smyth County,NA,A,-81.4764,36.8238,https://dgif-virginia.maps.arcgis.com/apps/webappviewer/index.html?id=441ed456c8664166bb735b1db6024e48&marker=-81.47642930601732%2C36.82377300175561%2C%2C%2C%2C&markertemplate=%7B%22title%22%3A%22%22%2C%22longitude%22%3A-81.47642930601732%2C%22latitude%22%3A36.82377300175561%2C%22isIncludeShareUrl%22%3Atrue%7D&level=15,
Lake Witten,NA,Tazewell County,Heritage Day Water,A,-81.5186,37.1687,https://dgif-virginia.maps.arcgis.com/apps/webappviewer/index.html?id=441ed456c8664166bb735b1db6024e48&marker=-81.5185625655802%2C37.16867577755956%2C%2C%2C%2C&markertemplate=%7B%22title%22%3A%22%22%2C%22longitude%22%3A-81.5185625655802%2C%22latitude%22%3A37.16867577755956%2C%22isIncludeShareUrl%22%3Atrue%7D&level=15,
Laurel Creek,NA,Tazewell County,National Forest Water,C,-81.4501,37.027,https://dgif-virginia.maps.arcgis.com/apps/webappviewer/index.html?id=441ed456c8664166bb735b1db6024e48&marker=-81.45006924113478%2C37.02699610890614%2C%2C%2C%2C&markertemplate=%7B%22title%22%3A%22%22%2C%22longitude%22%3A-81.45006924113478%2C%22latitude%22%3A37.02699610890614%2C%22isIncludeShareUrl%22%3Atrue%7D&level=16,
Lincolnshire Lake,NA,Tazewell County,Heritage Day Water,A,-81.4985,37.1369,https://dgif-virginia.maps.arcgis.com/apps/webappviewer/index.html?id=441ed456c8664166bb735b1db6024e48&marker=-81.49847855348072%2C37.136910030477424%2C%2C%2C%2C&markertemplate=%7B%22title%22%3A%22%22%2C%22longitude%22%3A-81.49847855348072%2C%22latitude%22%3A37.136910030477424%2C%22isIncludeShareUrl%22%3Atrue%7D&level=15,
Little Tumbling Creek,NA,Tazewell County,NA,B,-81.6349,36.9798,https://dgif-virginia.maps.arcgis.com/apps/webappviewer/index.html?id=441ed456c8664166bb735b1db6024e48&marker=-81.63492490166071%2C36.97982442307853%2C%2C%2C%2C&markertemplate=%7B%22title%22%3A%22%22%2C%22longitude%22%3A-81.63492490166071%2C%22latitude%22%3A36.97982442307853%2C%22isIncludeShareUrl%22%3Atrue%7D&level=17,
South Fork Clinch River,NA,Tazewell County,Youth-Only,,-81.4862,37.1248,https://dgif-virginia.maps.arcgis.com/apps/webappviewer/index.html?id=441ed456c8664166bb735b1db6024e48&marker=-81.48616689941362%2C37.124793637861%2C%2C%2C%2C&markertemplate=%7B%22title%22%3A%22South%20Fork%20Powell%20River(Dunford%20Park)%22%2C%22longitude%22%3A-81.48616689941362%2C%22latitude%22%3A37.124793637861%2C%22isIncludeShareUrl%22%3Atrue%7D&level=15,South Fork Powell River(Dunford Park)
Happy Creek,NA,Warren County,NA,B,-78.1909,38.93,https://dgif-virginia.maps.arcgis.com/apps/webappviewer/index.html?id=441ed456c8664166bb735b1db6024e48&marker=-78.19085223956078%2C38.93001095430154%2C%2C%2C%2C&markertemplate=%7B%22title%22%3A%22%22%2C%22longitude%22%3A-78.19085223956078%2C%22latitude%22%3A38.93001095430154%2C%22isIncludeShareUrl%22%3Atrue%7D&level=16,
Passage Creek,NA,Warren County,Delayed Harvest Water,DH,-78.3022,38.9462,https://dgif-virginia.maps.arcgis.com/apps/webappviewer/index.html?id=441ed456c8664166bb735b1db6024e48&marker=-78.30219336151234%2C38.9462349433349%2C%2C%2C%2C&markertemplate=%7B%22title%22%3A%22%22%2C%22longitude%22%3A-78.30219336151234%2C%22latitude%22%3A38.9462349433349%2C%22isIncludeShareUrl%22%3Atrue%7D&level=16,
Beartree Lake,NA,Washington County,"c(""Heritage Day Water"", ""National Forest Water"")",A,-81.6898,36.6555,https://dgif-virginia.maps.arcgis.com/apps/webappviewer/index.html?id=441ed456c8664166bb735b1db6024e48&marker=-81.68977024775863%2C36.65548770375024%2C%2C%2C%2C&markertemplate=%7B%22title%22%3A%22%22%2C%22longitude%22%3A-81.68977024775863%2C%22latitude%22%3A36.65548770375024%2C%22isIncludeShareUrl%22%3Atrue%7D&level=15,
Beartree Lake,stocked for youth event on 10/12,Washington County,National Forest Water,A,-81.6898,36.6555,https://dgif-virginia.maps.arcgis.com/apps/webappviewer/index.html?id=441ed456c8664166bb735b1db6024e48&marker=-81.68977024775863%2C36.65548770375024%2C%2C%2C%2C&markertemplate=%7B%22title%22%3A%22%22%2C%22longitude%22%3A-81.68977024775863%2C%22latitude%22%3A36.65548770375024%2C%22isIncludeShareUrl%22%3Atrue%7D&level=15,duplicate
Big Brumley Creek,NA,Washington County,NA,B,-82.0256,36.7972,https://dgif-virginia.maps.arcgis.com/apps/webappviewer/index.html?id=441ed456c8664166bb735b1db6024e48&marker=-82.02558977705762%2C36.797230478031246%2C%2C%2C%2C&markertemplate=%7B%22title%22%3A%22%22%2C%22longitude%22%3A-82.02558977705762%2C%22latitude%22%3A36.797230478031246%2C%22isIncludeShareUrl%22%3Atrue%7D&level=17,
Big Tumbling Creek,NA,Washington County,FFA,A,-81.8083,36.9405,https://dgif-virginia.maps.arcgis.com/apps/webappviewer/index.html?id=441ed456c8664166bb735b1db6024e48&marker=-81.80830400951022%2C36.9405296139915%2C%2C%2C%2C&markertemplate=%7B%22title%22%3A%22%22%2C%22longitude%22%3A-81.80830400951022%2C%22latitude%22%3A36.9405296139915%2C%22isIncludeShareUrl%22%3Atrue%7D&level=14,
Clinch Mountain,NA,Washington County,FFA,+,-81.8251,36.9446,https://dgif-virginia.maps.arcgis.com/apps/webappviewer/index.html?id=441ed456c8664166bb735b1db6024e48&marker=-81.82511999999998%2C36.944560000000024%2C%2C%2C%2C&markertemplate=%7B%22title%22%3A%22%22%2C%22longitude%22%3A-81.82511999999998%2C%22latitude%22%3A36.944560000000024%2C%22isIncludeShareUrl%22%3Atrue%7D&level=15,estimate
Straight Branch,NA,Washington County,National Forest Water,C,-81.693,36.6544,https://dgif-virginia.maps.arcgis.com/apps/webappviewer/index.html?id=441ed456c8664166bb735b1db6024e48&marker=-81.69297295734219%2C36.65441215540462%2C%2C%2C%2C&markertemplate=%7B%22title%22%3A%22%22%2C%22longitude%22%3A-81.69297295734219%2C%22latitude%22%3A36.65441215540462%2C%22isIncludeShareUrl%22%3Atrue%7D&level=14,
Tennessee Laurel,NA,Washington County,NA,A,-81.7551,36.6128,https://dgif-virginia.maps.arcgis.com/apps/webappviewer/index.html?id=441ed456c8664166bb735b1db6024e48&marker=-81.7551188398889%2C36.612798678427076%2C%2C%2C%2C&markertemplate=%7B%22title%22%3A%22%22%2C%22longitude%22%3A-81.7551188398889%2C%22latitude%22%3A36.612798678427076%2C%22isIncludeShareUrl%22%3Atrue%7D&level=16,
Valley Creek,NA,Washington County,NA,C,-81.7019,36.614,https://dgif-virginia.maps.arcgis.com/apps/webappviewer/index.html?id=441ed456c8664166bb735b1db6024e48&marker=-81.70188249324585%2C36.61396254552878%2C%2C%2C%2C&markertemplate=%7B%22title%22%3A%22%22%2C%22longitude%22%3A-81.70188249324585%2C%22latitude%22%3A36.61396254552878%2C%22isIncludeShareUrl%22%3Atrue%7D&level=16,
Whitetop Laurel,Lower,Washington County,National Forest Water,A,-81.7082,36.6334,https://dgif-virginia.maps.arcgis.com/apps/webappviewer/index.html?id=441ed456c8664166bb735b1db6024e48&marker=-81.70822443745497%2C36.633409767031%2C%2C%2C%2C&markertemplate=%7B%22title%22%3A%22%22%2C%22longitude%22%3A-81.70822443745497%2C%22latitude%22%3A36.633409767031%2C%22isIncludeShareUrl%22%3Atrue%7D&level=16,
Whitetop Laurel,Upper,Washington County,National Forest Water,A,-81.648,36.6615,https://dgif-virginia.maps.arcgis.com/apps/webappviewer/index.html?id=441ed456c8664166bb735b1db6024e48&marker=-81.64801053464035%2C36.66149003300335%2C%2C%2C%2C&markertemplate=%7B%22title%22%3A%22%22%2C%22longitude%22%3A-81.64801053464035%2C%22latitude%22%3A36.66149003300335%2C%22isIncludeShareUrl%22%3Atrue%7D&level=16,
Bear Creek Reservoir,Wise Res.,Wise County,NA,B,-82.532,36.966,https://dgif-virginia.maps.arcgis.com/apps/webappviewer/index.html?id=441ed456c8664166bb735b1db6024e48&marker=-82.53204345703654%2C36.96600933838882%2C%2C%2C%2C&markertemplate=%7B%22title%22%3A%22Wise%22%2C%22longitude%22%3A-82.53204345703654%2C%22latitude%22%3A36.96600933838882%2C%22isIncludeShareUrl%22%3Atrue%7D&level=14,misspelled on map
Clear Creek,NA,Wise County,National Forest Water,C,-82.5912,36.9272,https://dgif-virginia.maps.arcgis.com/apps/webappviewer/index.html?id=441ed456c8664166bb735b1db6024e48&marker=-82.59123064148568%2C36.92723524391286%2C%2C%2C%2C&markertemplate=%7B%22title%22%3A%22%22%2C%22longitude%22%3A-82.59123064148568%2C%22latitude%22%3A36.92723524391286%2C%22isIncludeShareUrl%22%3Atrue%7D&level=16,
Middle Fork of Powell River,NA,Wise County,Delayed Harvest Water,DH,-82.7893,36.8989,https://dgif-virginia.maps.arcgis.com/apps/webappviewer/index.html?id=441ed456c8664166bb735b1db6024e48&marker=-82.78934409711545%2C36.898872031256786%2C%2C%2C%2C&markertemplate=%7B%22title%22%3A%22%22%2C%22longitude%22%3A-82.78934409711545%2C%22latitude%22%3A36.898872031256786%2C%22isIncludeShareUrl%22%3Atrue%7D&level=15,just Powell River
Middle Fork Powell River,Appalachia,Wise County,NA,A,-82.7749,36.9053,https://dgif-virginia.maps.arcgis.com/apps/webappviewer/index.html?id=441ed456c8664166bb735b1db6024e48&marker=-82.77488249664881%2C36.90527202914536%2C%2C%2C%2C&markertemplate=%7B%22title%22%3A%22%22%2C%22longitude%22%3A-82.77488249664881%2C%22latitude%22%3A36.90527202914536%2C%22isIncludeShareUrl%22%3Atrue%7D&level=16,
Pound River / N. Fork Pound River,NA,Wise County,Delayed Harvest Water,DH,-82.6296,37.125,https://dgif-virginia.maps.arcgis.com/apps/webappviewer/index.html?id=441ed456c8664166bb735b1db6024e48&marker=-82.62962547216218%2C37.125009813815346%2C%2C%2C%2C&markertemplate=%7B%22title%22%3A%22%22%2C%22longitude%22%3A-82.62962547216218%2C%22latitude%22%3A37.125009813815346%2C%22isIncludeShareUrl%22%3Atrue%7D&level=15,
South Fork Powell River,NA,Wise County,Heritage Day Water,A,-82.7637,36.8688,https://dgif-virginia.maps.arcgis.com/apps/webappviewer/index.html?id=441ed456c8664166bb735b1db6024e48&marker=-82.76370130105468%2C36.86875695101013%2C%2C%2C%2C&markertemplate=%7B%22title%22%3A%22%22%2C%22longitude%22%3A-82.76370130105468%2C%22latitude%22%3A36.86875695101013%2C%22isIncludeShareUrl%22%3Atrue%7D&level=15,
Cripple Creek,Ravens,Wythe County,Heritage Day Water,A,-81.0769,36.8383,https://dgif-virginia.maps.arcgis.com/apps/webappviewer/index.html?id=441ed456c8664166bb735b1db6024e48&marker=-81.07689932539071%2C36.83830081760255%2C%2C%2C%2C&markertemplate=%7B%22title%22%3A%22%22%2C%22longitude%22%3A-81.07689932539071%2C%22latitude%22%3A36.83830081760255%2C%22isIncludeShareUrl%22%3Atrue%7D&level=15,
Cripple Creek,Rt. 94,Wythe County,NA,A,-80.9914,36.8522,https://dgif-virginia.maps.arcgis.com/apps/webappviewer/index.html?id=441ed456c8664166bb735b1db6024e48&marker=-80.99142516509593%2C36.85216769064463%2C%2C%2C%2C&markertemplate=%7B%22title%22%3A%22%22%2C%22longitude%22%3A-80.99142516509593%2C%22latitude%22%3A36.85216769064463%2C%22isIncludeShareUrl%22%3Atrue%7D&level=16,
Gullion Fork Ponds,NA,Wythe County,National Forest Water,B,-81.2532,37.014,https://dgif-virginia.maps.arcgis.com/apps/webappviewer/index.html?id=441ed456c8664166bb735b1db6024e48&marker=-81.25320439883421%2C37.01395504426734%2C%2C%2C%2C&markertemplate=%7B%22title%22%3A%22%22%2C%22longitude%22%3A-81.25320439883421%2C%22latitude%22%3A37.01395504426734%2C%22isIncludeShareUrl%22%3Atrue%7D&level=15,
Rural Retreat Lake Pond,NA,Wythe County,NA,A,-81.2901,36.8633,https://dgif-virginia.maps.arcgis.com/apps/webappviewer/index.html?id=441ed456c8664166bb735b1db6024e48&marker=-81.29011631012523%2C36.86334744455704%2C%2C%2C%2C&markertemplate=%7B%22title%22%3A%22Wythe%22%2C%22longitude%22%3A-81.29011631012523%2C%22latitude%22%3A36.86334744455704%2C%22isIncludeShareUrl%22%3Atrue%7D&level=15,
Stoney Creek,NA,Wythe County,National Forest Water,C,-81.1599,37.0108,https://dgif-virginia.maps.arcgis.com/apps/webappviewer/index.html?id=441ed456c8664166bb735b1db6024e48&marker=-81.15991932399248%2C37.01081286576085%2C%2C%2C%2C&markertemplate=%7B%22title%22%3A%22East%20Fork%20Stoney%20Fork%22%2C%22longitude%22%3A-81.15991932399248%2C%22latitude%22%3A37.01081286576085%2C%22isIncludeShareUrl%22%3Atrue%7D&level=12,East Fork Stoney Fork
West Fork Reed Creek,NA,Wythe County,National Forest Water,C,-81.3145,36.9653,https://dgif-virginia.maps.arcgis.com/apps/webappviewer/index.html?id=441ed456c8664166bb735b1db6024e48&marker=-81.31449370182492%2C36.965320335429396%2C%2C%2C%2C&markertemplate=%7B%22title%22%3A%22%22%2C%22longitude%22%3A-81.31449370182492%2C%22latitude%22%3A36.965320335429396%2C%22isIncludeShareUrl%22%3Atrue%7D&level=15,